Country Name,Country Code,Indicator Name,Indicator Code,1960,1961,1962,1963,1964,Country Name,Country Code,Indicator Name,Indicator Code,1965,1966,1967,1968,1969,1970,1971,1972,1973,1974,1975,1976,1977,1978,1979,1980,1981,1982,1983,1984,1985,1986,1987,1988,1989,1990,1991,1992,1993,1994
Aruba,ABW,"Population, total",SP.POP.TOTL,54608,55811,56682,57475,58178,Aruba,ABW,"Population, total",SP.POP.TOTL,59192,60072.4,60952.8,61833.2,62713.6,63594,64474.4,65354.8,66235.2,67115.6,67996,68876.4,69756.8,70637.2,71517.6,72398,73278.4,74158.8,75039.2,75919.6,76800,77680.4,78560.8,79441.2,80321.6,81202,82082.4,82962.8,83843.2,84723.6
Africa Eastern and Southern,AFE,"Population, total",SP.POP.TOTL,130692579,134169237,137835590,141630546,145605995,Africa Eastern and Southern,AFE,"Population, total",SP.POP.TOTL,149173231.7,152902045.8,156630859.9,160359674,164088488.1,167817302.2,171546116.3,175274930.4,179003744.5,182732558.6,186461372.7,190190186.8,193919000.9,197647815,201376629.1,205105443.2,208834257.3,212563071.4,216291885.5,220020699.6,223749513.7,227478327.8,231207141.9,234935956,238664770.1,242393584.2,246122398.3,249851212.4,253580026.5,257308840.6
Afghanistan,AFG,"Population, total",SP.POP.TOTL,8622466,8790140,8969047,9157465,9355514,Afghanistan,AFG,"Population, total",SP.POP.TOTL,9528952.7,9712294.8,9895636.9,10078979,10262321.1,10445663.2,10629005.3,10812347.4,10995689.5,11179031.6,11362373.7,11545715.8,11729057.9,11912400,12095742.1,12279084.2,12462426.3,12645768.4,12829110.5,13012452.6,13195794.7,13379136.8,13562478.9,13745821,13929163.1,14112505.2,14295847.3,14479189.4,14662531.5,14845873.6
Africa Western and Central,AFW,"Population, total",SP.POP.TOTL,97256290,99314028,101445032,103667517,105959979,Africa Western and Central,AFW,"Population, total",SP.POP.TOTL,108056829.3,110232916,112409002.7,114585089.4,116761176.1,118937262.8,121113349.5,123289436.2,125465522.9,127641609.6,129817696.3,131993783,134169869.7,136345956.4,138522043.1,140698129.8,142874216.5,145050303.2,147226389.9,149402476.6,151578563.3,153754650,155930736.7,158106823.4,160282910.1,162458996.8,164635083.5,166811170.2,168987256.9,171163343.6
Angola,AGO,"Population, total",SP.POP.TOTL,5357195,5441333,5521400,5599827,5673199,Angola,AGO,"Population, total",SP.POP.TOTL,5755741.4,5834791.6,5913841.8,5992892,6071942.2,6150992.4,6230042.6,6309092.8,6388143,6467193.2,6546243.4,6625293.6,6704343.8,6783394,6862444.2,6941494.4,7020544.6,7099594.8,7178645,7257695.2,7336745.4,7415795.6,7494845.8,7573896,7652946.2,7731996.4,7811046.6,7890096.8,7969147,8048197.2
Albania,ALB,"Population, total",SP.POP.TOTL,1608800,1659800,1711319,1762621,1814135,Albania,ALB,"Population, total",SP.POP.TOTL,1865382.3,1916731.4,1968080.5,2019429.6,2070778.7,2122127.8,2173476.9,2224826,2276175.1,2327524.2,2378873.3,2430222.4,2481571.5,2532920.6,2584269.7,2635618.8,2686967.9,2738317,2789666.1,2841015.2,2892364.3,2943713.4,2995062.5,3046411.6,3097760.7,3149109.8,3200458.9,3251808,3303157.1,3354506.2
Andorra,AND,"Population, total",SP.POP.TOTL,9443,10216,11014,11839,12690,13563,14546,15745,17079,18449,19860,21322,22832,24393,32574,34142,35611,36987,38598,47635,49654,51639,53569,55434,64147,64682,65186,65655,66097,79826,80221,78168,76055,73852,71621,71746,72540,73837,75013
Arab World,ARB,"Population, total",SP.POP.TOTL,93359407,95760348,98268683,100892507,103618568,106444103,109394536,112499764,115729597,119061868,122475578,125979765,129605560,133384981,156741680,162014425,167707208,173118753,178587926,207894127,213455083,219021375,225923327,230837072,261953764,268158920,274376380,280650496,287065982,320558754,328703057,337498222,346630443,355754908,397922915,406501999,415077960,423664839,432545676
United Arab Emirates,ARE,"Population, total",SP.POP.TOTL,133426,140984,148877,157006,165305,173797,182509,191404,213582,253261,298084,344513,392368,441546,805231,908452,1014048,1100180,1167856,1575909,1683681,1791840,1900151,2008383,2572735,2746119,2921130,3097563,3275333,4280993,4898954,5872624,6988685,7992644,8835951,8916899,8994263,9068296,9140169
Argentina,ARG,"Population, total",SP.POP.TOTL,20349744,20680653,21020359,21364017,21708487,22053661,22403116,22757014,23112971,23472028,23842803,24223379,24612794,25020588,27146121,27584134,28024803,28471285,28922762,31216453,31690792,32165766,32637657,33105763,35389362,35815971,36233195,36653031,37070774,39070501,39476851,39876111,40273769,40684338,42669500,43131966,43590368,44044811,44494502
Armenia,ARM,"Population, total",SP.POP.TOTL,1904148,1971530,2039346,2106142,2171029,2234051,2295496,2355997,2416461,2476359,2534377,2590923,2648048,2706852,3038224,3097058,3135123,3167876,3202011,3351364,3366838,3448186,3556539,3617631,3298898,3271418,3240550,3206030,3168523,3047246,3026486,3004393,2983421,2964296,2889930,2878595,2865835,2851923,2836557
American Samoa,ASM,"Population, total",SP.POP.TOTL,20085,20626,21272,21949,22656,23391,24122,24848,25608,26396,27075,27593,28063,28529,31428,32045,32886,34059,35367,42842,44532,46288,47818,48992,54500,55578,56603,57594,58230,57254,56837,56383,55891,55366,52217,51368,50448,49463,48424
Antigua and Barbuda,ATG,"Population, total",SP.POP.TOTL,55342,56245,57008,57778,58664,59644,60615,61617,62658,63742,64517,64769,64695,64463,64329,64609,64889,65076,65231,64353,63982,63636,63328,63634,69798,71218,72572,73821,75055,79869,80895,82016,83251,84534,89236,89941,90564,91119,91626
Australia,AUS,"Population, total",SP.POP.TOTL,10276477,10483000,10742000,10950000,11167000,11388000,11651000,11799000,12009000,12263000,12507000,12937000,13177000,13380000,14358000,14514000,14692000,14923260,15184247,16263874,16532164,16814416,17065128,17284036,18224767,18423037,18607584,18812264,19028802,20176844,20450966,20827622,21249199,21691653,23475686,23815995,24190907,24592588,24963258
Austria,AUT,"Population, total",SP.POP.TOTL,7047539,7086299,7129864,7175811,7223801,7270889,7322066,7376998,7415403,7441055,7467086,7500482,7544201,7586115,7562305,7549425,7549433,7568710,7574140,7574586,7585317,7619567,7677850,7754891,7959017,7968041,7976789,7992324,8011566,8227829,8268641,8295487,8321496,8343323,8546356,8642699,8736668,8797566,8840521
Azerbaijan,AZE,"Population, total",SP.POP.TOTL,3894500,4045750,4168150,4293550,4439250,4574650,4708150,4832000,4948500,5063300,5172050,5282950,5391450,5493900,5976150,6071300,6160500,6257750,6357550,6875350,6974600,7076550,7175200,7271300,7763000,7838250,7913000,7982750,8048600,8391850,8484550,8581300,8763400,8947243,9535079,9649341,9757812,9854033,9939771
Burundi,BDI,"Population, total",SP.POP.TOTL,2746628,2815972,2887398,2948133,3033221,3118134,3193378,3274493,3352397,3424429,3497834,3582070,3579195,3571450,4039410,4137437,4312834,4490743,4602271,5157769,5271840,5373697,5483793,5594828,5930507,5923862,6035340,6180180,6307659,7388874,7658190,7944609,8278109,8709366,10494913,10727148,10903327,11155593,11493472
Belgium,BEL,"Population, total",SP.POP.TOTL,9153489,9183948,9220578,9289770,9378113,9463667,9527807,9580991,9618756,9646032,9655549,9673162,9711115,9741720,9839534,9848382,9859242,9858982,9856303,9870234,9901664,9937697,9967379,10004486,10156637,10181245,10203008,10226419,10251250,10478617,10547958,10625700,10709973,10796493,11209057,11274196,11331422,11375158,11427054
Benin,BEN,"Population, total",SP.POP.TOTL,2512284,2551216,2593302,2638082,2685619,2735843,2788642,2843739,2901218,2961166,3023443,3088381,3156408,3227380,3636927,3732394,3833939,3941569,4054385,4688787,4831624,4979680,5133419,5293046,6203860,6387026,6584183,6788589,6998023,8149419,8402631,8647761,8906469,9172514,10614844,10932783,11260085,11596779,11940683
Burkina Faso,BFA,"Population, total",SP.POP.TOTL,4783259,4852833,4924497,4998671,5076111,5157929,5242797,5330613,5422119,5515747,5611666,5707793,5805283,5907742,6577779,6749939,6932967,7123730,7321817,8434996,8663720,8895234,9131361,9365064,10621210,10897353,11201063,11533554,11882888,13876127,14316242,14757074,15197915,15650022,18169842,18718019,19275498,19835858,20392723
Bangladesh,BGD,"Population, total",SP.POP.TOTL,50396429,51882769,53461661,55094115,56774465,58500159,60265259,62104488,63995652,65866908,67541860,68376204,69346705,71144818,80007550,81908151,83929765,86154836,88555336,100490256,102688833,104893674,107147651,109242834,119876868,122039226,124350471,126754824,129193327,140912590,142628831,144135934,145421318,146706810,155961299,157830000,159784568,161793964,163683958
Bulgaria,BGR,"Population, total",SP.POP.TOTL,7867374,7943118,8012946,8078145,8144340,8204168,8258057,8310226,8369603,8434172,8489574,8536395,8576200,8620967,8814032,8825940,8861535,8891117,8917457,8971359,8981446,8876972,8718289,8632367,8362826,8312068,8256786,8210624,8170172,7658972,7601022,7545338,7492561,7444443,7223938,7177991,7127822,7075947,7025037
Bahrain,BHR,"Population, total",SP.POP.TOTL,160691,166970,173359,179891,186587,193012,199019,204916,210801,216696,222555,230992,243143,256632,330912,346697,362595,377430,391017,466565,483337,500349,517418,535415,632756,652643,672484,692133,711442,901921,970981,1040532,1110343,1179453,1311134,1362142,1409661,1456834,1487340
"Bahamas, The",BHS,"Population, total",SP.POP.TOTL,114500,120216,126305,132639,138785,144849,151323,158197,165456,172745,179129,184435,189181,193563,215016,219426,223752,227956,232177,255618,260452,265493,270679,276058,304933,310171,315398,320272,325014,347804,352664,357666,362795,368057,389131,392697,395976,399020,401906
Bosnia and Herzegovina,BIH,"Population, total",SP.POP.TOTL,3262539,3325333,3387512,3448532,3507959,3565517,3620849,3673367,3723067,3770376,3815561,3859242,3901895,3943152,4131521,4165511,4199820,4235970,4274013,4440300,4463320,4481230,4494310,4502386,3907751,4047748,4115059,4153014,4179350,4094297,4058086,4007876,3943392,3877750,3571068,3524324,3480986,3440027,3400129
Belarus,BLR,"Population, total",SP.POP.TOTL,8198000,8271216,8351928,8437232,8524224,8610000,8696496,8785648,8874552,8960304,9040000,9115576,9188968,9257272,9525000,9584000,9643000,9710000,9776000,10111000,10140000,10170000,10189348,10194050,10159569,10117433,10071963,10026738,9979610,9663915,9604924,9560953,9527985,9504583,9448515,9461076,9469379,9458989,9438785
Belize,BLZ,"Population, total",SP.POP.TOTL,91403,93757,96188,98862,101772,104838,108062,111411,114825,118145,120905,123091,125054,126875,138933,141823,145133,148764,152409,170980,174817,178695,182589,186462,209840,217117,224907,232733,240406,280375,288729,297173,305671,314171,352335,359871,367313,374693,382066
Bermuda,BMU,"Population, total",SP.POP.TOTL,44400,45500,46600,47700,48900,50100,51000,52000,53000,54000,55000,54600,54200,53800,53600,53800,54670,55050,55449,57849,58347,58841,59326,59021,60129,60497,60943,61285,61833,64154,64523,64888,65273,65636,65138,65237,64554,63873,63918
Bolivia,BOL,"Population, total",SP.POP.TOTL,3707515,3784744,3864140,3945729,4029472,4115511,4204065,4295269,4389249,4486098,4585693,4688267,4793804,4902248,5486132,5610380,5736088,5862990,5991118,6661434,6804072,6949139,7096194,7244891,7989367,8137619,8286928,8439052,8592656,9377388,9542663,9711152,9880593,10051317,10916987,11090085,11263015,11435533,11606905
Brazil,BRA,"Population, total",SP.POP.TOTL,73092515,75330008,77599218,79915555,82262794,84623747,86979283,89323288,91659246,94000381,96369875,98766288,101194394,103666904,116664382,119447303,122288383,125168060,128065095,142466264,145253973,148003411,150706446,153336445,166037122,168546707,171039804,173486281,175873720,186797334,188820682,190779453,192672317,194517549,203459650,205188205,206859578,208504960,210166592
Barbados,BRB,"Population, total",SP.POP.TOTL,232550,233698,234829,235875,236834,237694,238494,239238,239905,240594,241397,242350,243458,244643,251009,252334,253575,254684,255642,258654,258762,258759,258868,259402,262793,263224,263642,264170,264657,269477,270425,271444,272635,273791,277493,278083,278649,279187,279688
Brunei Darussalam,BRN,"Population, total",SP.POP.TOTL,85346,89561,93837,98277,102904,107686,112597,117628,122764,128012,133343,138666,143886,149065,176176,181951,187921,194099,200630,237712,245729,253821,261928,269860,306196,313215,320152,327045,333926,366717,372808,378748,384568,390311,416656,421437,425994,430276,434274
Bhutan,BTN,"Population, total",SP.POP.TOTL,221266,227071,233417,240268,247444,255010,262976,271339,280102,289296,298894,308837,319128,329800,389072,402063,415257,428641,442201,514026,529051,544209,558442,567710,537494,546865,557143,570990,587207,663323,673260,681614,689737,697678,736357,743274,749761,756121,762096
Botswana,BWA,"Population, total",SP.POP.TOTL,512865,524403,536428,549041,562274,570975,574855,578723,582655,586737,592244,604139,626601,657246,849394,893500,938578,982747,1023009,1220361,1261272,1301671,1341474,1380584,1582169,1619354,1655699,1691558,1726985,1892807,1928704,1966977,2007320,2048997,2260376,2305171,2352416,2401840,2451409
Central African Republic,CAF,"Population, total",SP.POP.TOTL,1679728,1710364,1742502,1776214,1811694,1849171,1888853,1930861,1975257,2021519,2067356,2111224,2153613,2195905,2365957,2390329,2415276,2441010,2467635,2615594,2657235,2724109,2809221,2898052,3363570,3458472,3555064,3655360,3759170,4208834,4294352,4375569,4467233,4564540,4798734,4819333,4904177,4996741,5094780
Canada,CAN,"Population, total",SP.POP.TOTL,17909356,18271000,18614000,18964000,19325000,19678000,20048000,20412000,20744000,21028000,21324000,21962032,22218463,22491777,23963203,24201544,24515667,24819915,25116942,26446601,26791747,27276781,27691138,28037420,29610218,29905948,30155173,30401286,30685730,32243753,32571174,32889025,33247118,33628895,35437435,35702908,36109487,36545236,37065084
Central Europe and the Baltics,CEB,"Population, total",SP.POP.TOTL,91401764,92232738,93009498,93840016,94715795,95440988,96146336,97043270,97884022,98606630,99134548,99635258,100357161,101112680,105329397,105948616,106541316,107129392,107730380,110296425,110686740,110801640,110743128,110469467,109626194,109422013,109238340,109060951,108447824,106041911,105772481,105378748,105001883,104800475,103496179,103257886,102994278,102740078,102538451
Switzerland,CHE,"Population, total",SP.POP.TOTL,5327827,5434294,5573815,5694247,5789228,5856472,5918002,5991785,6067714,6136387,6180877,6213399,6260956,6307347,6281738,6294365,6319408,6354074,6391309,6545106,6593386,6646912,6715519,6799978,7071850,7088906,7110001,7143991,7184250,7437115,7483934,7551117,7647675,7743831,8188649,8282396,8373338,8451840,8514329
Channel Islands,CHI,"Population, total",SP.POP.TOTL,109186,110225,111281,112410,113596,114832,116116,117430,118707,119884,121003,122162,123348,124465,127667,127850,127984,128510,129614,136264,137765,139228,140601,141557,142898,143549,144211,144811,145306,150763,151985,153225,154475,155721,160912,162190,163721,165215,167259
Chile,CHL,"Population, total",SP.POP.TOTL,8141820,8313535,8486120,8656006,8825046,8994936,9161649,9326268,9491502,9656299,9820481,9984378,10145765,10307842,11137748,11304331,11469828,11637613,11807408,12712784,12918389,13128619,13342868,13561945,14615483,14809289,14996742,15176410,15351799,16175311,16334575,16495538,16661462,16833447,17687108,17870124,18083879,18368577,18701450
China,CHN,"Population, total",SP.POP.TOTL,667070000,660330000,665770000,682335000,698355000,715185000,735400000,754550000,774510000,796025000,818315000,841105000,862030000,881940000,956165000,969005000,981235000,993885000,1008630000,1084035000,1101630000,1118650000,1135185000,1150780000,1217550000,1230075000,1241935000,1252735000,1262645000,1303720000,1311020000,1317885000,1324655000,1331260000,1371860000,1379860000,1387790000,1396215000,1402760000
Cote d'Ivoire,CIV,"Population, total",SP.POP.TOTL,3708661,3848336,3998287,4156453,4321368,4492890,4671196,4856689,5050106,5255149,5477086,5718867,5979984,6257373,7700816,7996368,8303810,8621621,8948119,10663498,11043193,11462943,11910540,12369269,14810946,15335453,15858990,16345894,16799670,18970215,19394057,19817700,20244449,20677762,22995555,23596741,24213622,24848016,25493988
Cameroon,CMR,"Population, total",SP.POP.TOTL,5117608,5200355,5303841,5427511,5556209,5690086,5829580,5975087,6127193,6286232,6452787,6627350,6809468,6998688,8013279,8243377,8519891,8829048,9046986,10433905,10759573,11089222,11430520,11777719,13575324,13941181,14314599,14698973,15091594,17275171,17751333,18251866,18777081,19319274,22299585,23012646,23711630,24393181,25076747
"Congo, Dem. Rep.",COD,"Population, total",SP.POP.TOTL,15276558,15673284,16086084,16517995,16965855,17438254,17941738,18472105,19022799,19583123,20151733,20712952,21273409,21853906,25015244,25902760,26708686,27457783,28219219,32712574,33750052,34825891,35987541,37194812,44118709,44822198,45895524,47227238,48616317,56550247,58381630,60289422,62249724,64270232,76035588,78656904,81430977,84283273,87087355
"Congo, Rep.",COG,"Population, total",SP.POP.TOTL,1055693,1083431,1112348,1142600,1174269,1207412,1242116,1278312,1316130,1355699,1396989,1440159,1485274,1532069,1747207,1788218,1829256,1870540,1911634,2188654,2253336,2319177,2385435,2452675,2816595,2875037,2937166,3016659,3134030,3672839,3813323,3956329,4089602,4257230,4944861,5064386,5186824,5312340,5441062
Colombia,COL,"Population, total",SP.POP.TOTL,15687688,16182414,16691282,17210956,17739754,18275814,18811407,19343961,19872503,20392264,20905254,21405413,21898055,22396318,25003608,25579323,26176195,26785982,27405194,30603048,31256727,31923117,32601393,33272628,36632573,37291946,37944414,38585033,39215135,42220940,42772910,43306582,43815313,44313917,46677947,47119728,47625955,48351671,49276961
Comoros,COM,"Population, total",SP.POP.TOTL,194852,198617,202527,206546,210665,214939,219369,224321,229971,236002,242351,249066,256187,263728,307938,318123,328328,337986,347053,396887,408070,419584,431119,442277,494288,505033,515959,526443,536758,592683,604658,616899,629470,642493,714612,730216,746232,761664,776313
Cabo Verde,CPV,"Population, total",SP.POP.TOTL,209849,214788,221484,228814,236362,244156,252238,260648,269408,278524,287262,293505,296818,299191,311685,313995,317234,321634,326319,348718,353233,358150,364563,372721,421007,430654,440214,449627,458251,492827,498884,504733,510336,515638,546076,552166,558394,564954,571202
Costa Rica,CRI,"Population, total",SP.POP.TOTL,1346302,1396138,1447037,1498647,1550661,1602736,1654619,1706062,1756333,1805968,1855697,1905486,1955547,2006247,2286210,2349258,2414303,2481334,2550780,2924595,3001461,3079001,3158253,3239414,3656234,3739421,3821421,3901430,3979193,4315887,4378172,4440019,4501921,4563127,4844288,4895242,4945205,4993842,5040734
Caribbean small states,CSS,"Population, total",SP.POP.TOTL,4209141,4289429,4366420,4443544,4520592,4596245,4670465,4743053,4813958,4883868,4953314,5023876,5090052,5150123,5432222,5486916,5544061,5604584,5666254,5939439,5980371,6020383,6057836,6100213,6376465,6430969,6484492,6535399,6582141,6802474,6844183,6884705,6923924,6964240,7181044,7224602,7265272,7303634,7374650
Cuba,CUB,"Population, total",SP.POP.TOTL,7267395,7418518,7574265,7736352,7902286,8067651,8230450,8390962,8550286,8709654,8869636,9025709,9169289,9297924,9729986,9774711,9809107,9848560,9908874,10326910,10425433,10527187,10626680,10713812,10963031,10998129,11033758,11070094,11105791,11246114,11260630,11269887,11276609,11283185,11332026,11339894,11342012,11336405,11328244
Curacao,CUW,"Population, total",SP.POP.TOTL,124826,126125,128414,130860,133148,135266,136682,138140,140298,142581,144739,147389,147710,146912,148341,147851,148041,148629,150101,151456,149254,146937,145400,144403,146306,146956,144472,139428,133860,137658,141239,144056,145880,146833,155909,157980,159664,160175,159336
Cayman Islands,CYM,"Population, total",SP.POP.TOTL,8473,8626,8799,8985,9172,9366,9566,9771,9981,10181,10533,11117,11778,12443,15746,16378,17100,17904,18729,23075,23956,24888,26027,27340,34194,35579,36947,38295,39658,46727,48177,49647,51123,52602,59559,60911,62255,63581,64884
Cyprus,CYP,"Population, total",SP.POP.TOTL,585725,594771,601095,607072,612338,617345,622566,627695,632452,636821,640804,644413,647620,650705,663975,671611,679327,687170,696227,755021,766412,777592,788500,799061,880058,897471,914660,931600,948237,1037062,1055438,1073873,1092390,1110974,1176995,1187280,1197881,1208523,1218831
Czechia,CZE,"Population, total",SP.POP.TOTL,9602006,9586651,9624660,9670685,9727804,9779358,9821040,9852899,9876346,9896580,9858071,9826815,9867632,9922266,10242098,10292341,10304193,10300591,10314826,10347318,10355276,10361068,10333355,10308578,10315241,10304131,10294373,10283860,10255063,10211216,10238905,10298828,10384603,10443936,10525347,10546059,10566332,10594438,10629928
Germany,DEU,"Population, total",SP.POP.TOTL,72814900,73377632,74025784,74714353,75318337,75963695,76600311,76951336,77294314,77909682,78169289,78312842,78688452,78936666,78091820,78126350,78288576,78407907,78333366,77839920,78144619,78751283,79433029,80013896,81914831,82034771,82047195,82100243,82211508,82469422,82376451,82266372,82110097,81902307,80982500,81686611,82348669,82657002,82905782
Djibouti,DJI,"Population, total",SP.POP.TOTL,85940,89270,93122,97670,102945,108772,114874,121168,127668,135390,144379,154225,165234,177327,278425,302856,324121,341316,355110,452272,482337,521104,577173,628521,644649,667786,694920,719371,742033,830861,846947,865196,882886,901103,989087,1006259,1023261,1040233,1057198
Dominica,DMA,"Population, total",SP.POP.TOTL,59379,60395,61224,62031,62843,63744,64728,65760,66865,68007,68895,69430,69870,70334,72478,72768,72978,72932,72626,70808,70397,69975,69481,69141,69166,69081,68938,68698,68346,68674,68742,68775,68782,68787,69371,70007,70075,70403,70823
Denmark,DNK,"Population, total",SP.POP.TOTL,4579603,4611687,4647727,4684483,4722072,4759012,4797381,4835354,4864883,4891860,4928757,4963126,4991596,5021861,5104248,5116801,5123027,5121572,5117810,5127024,5129516,5132594,5140939,5154298,5263074,5284991,5304219,5321799,5339616,5419432,5437272,5461438,5493621,5523095,5643475,5683483,5728010,5764980,5793636
Dominican Republic,DOM,"Population, total",SP.POP.TOTL,3298021,3408415,3521164,3635798,3752313,3868712,3987090,4108916,4230877,4352954,4475871,4599841,4724801,4851183,5495443,5625864,5755800,5885244,6014979,6692720,6834207,6980033,7129004,7278402,8012314,8150076,8282126,8411374,8540791,9164768,9284168,9402206,9522948,9648061,10282115,10405832,10527592,10647244,10765531
Algeria,DZA,"Population, total",SP.POP.TOTL,11394307,11598608,11778260,11969451,12179099,12381256,12613389,12897115,13190975,13491016,13795915,14110271,14439748,14786469,17632645,18166981,18739378,19351357,20000096,23586101,24243018,24889507,25518074,26133905,28984634,29476031,29924668,30346083,30774621,32956690,33435080,33983827,34569592,35196037,38760168,39543154,40339329,41136546,41927007
East Asia & Pacific (excluding high income),EAP,"Population, total",SP.POP.TOTL,896462247,895992255,907858935,931114057,953987755,977493628,1004333893,1030453856,1057594845,1086458654,1116182140,1146525253,1175156192,1202812613,1315761974,1336893795,1357581175,1378941521,1402554740,1523099223,1549652503,1575650445,1601237332,1625903768,1737860521,1759221230,1779787562,1799013672,1817006555,1896788261,1911721676,1926306467,1940768141,1955042105,2034264880,2049757846,2065173002,2080919319,2094524854
Early-demographic dividend,EAR,"Population, total",SP.POP.TOTL,979461502,1004319366,1029962253,1056327420,1083430197,1110603410,1137875812,1166092667,1195278339,1225287413,1255661025,1285672098,1316555228,1349249410,1521983049,1559348459,1598348344,1639825731,1682434337,1900589995,1946149314,1992092223,2041043553,2088580891,2314334474,2361095210,2407186134,2452952807,2499206970,2725013738,2769421149,2813790790,2857587007,2901329923,3121656203,3165214886,3208369547,3250752755,3292896609
East Asia & Pacific,EAS,"Population, total",SP.POP.TOTL,1043333636,1045203037,1059600211,1085398906,1110819272,1136927045,1166227679,1194567141,1224255729,1255933616,1288490485,1322732627,1354211283,1384704173,1510060320,1533514709,1556403010,1580048609,1605925794,1735427884,1763555005,1791156275,1818247576,1844603995,1964042971,1986768093,2008680261,2028993034,2048148696,2132517760,2148405823,2164155292,2179914111,2195169711,2278232287,2294507020,2310721864,2327132966,2341383691
Europe & Central Asia (excluding high income),ECA,"Population, total",SP.POP.TOTL,255726092,259951519,264183560,268409373,272634858,276765568,280229181,283724914,287193204,290573749,293778738,296973298,300232316,303473218,320113560,323503833,326937470,330361478,333758267,352545820,356321047,359435266,361859039,364392348,369661127,370276347,370591102,370546751,370646199,372077135,372780224,373485209,375012208,376867673,387912182,390267733,392579664,394705361,396674671
Europe & Central Asia,ECS,"Population, total",SP.POP.TOTL,666273660,673957844,681809362,689682704,697559598,705233118,712077088,718884137,725451120,731787358,737398504,742959749,749086046,755000965,782220413,787502492,792890531,798088129,802876253,827666924,832965846,837807042,842030509,846364518,858209225,859711482,860876126,861848594,862786211,872913705,875627934,878456268,882088404,885659803,902670860,906695444,910633273,914078289,917380453
Ecuador,ECU,"Population, total",SP.POP.TOTL,4618158,4751507,4890425,5034334,5183283,5337351,5495761,5658446,5825663,5997037,6172215,6350944,6533630,6720443,7712718,7922490,8135845,8352602,8572607,9729376,9969788,10210185,10449837,10686279,11775221,11987838,12199693,12412046,12626507,13770012,14009061,14251835,14496797,14742766,15957994,16195902,16439585,16696944,17015672
"Egypt, Arab Rep.",EGY,"Population, total",SP.POP.TOTL,27034499,27747867,28485022,29245936,30026648,30818469,31613132,32408414,33204629,33995955,34781986,35555969,36330768,37120776,41576636,42632458,43748556,44899573,46088647,52841319,54298446,55765843,57214630,58611032,65565195,66993728,68446011,69907887,71371371,79075310,80629670,82218755,83844783,85501064,95592324,97723799,99784030,101789386,103740765
Euro area,EMU,"Population, total",SP.POP.TOTL,269385168,271727867,274105087,276517540,278953378,281432987,283803777,285908171,287907506,289911679,291544661,293192129,295189531,297059919,304018977,305309331,306668989,307893389,308788172,312125526,313147164,314457467,315870845,317411362,322570180,323308056,323978576,324784751,325792924,333709006,335250759,336971054,338599969,339682801,342725321,343718279,344683796,345370612,346153001
Eritrea,ERI,"Population, total",SP.POP.TOTL,993568,1016932,1041552,1067295,1094042,1121739,1150264,1179554,1209602,1240562,1272748,1306234,1340838,1376516,1571193,1613829,1657982,1703789,1751045,2000355,2051546,2102131,2149960,2039220,2264073,2291561,2322753,2356477,2392880,2831732,2880093,2926168,3005779,3083888,3323425,3340006,3365287,3396933,3445374
Spain,ESP,"Population, total",SP.POP.TOTL,30455000,30739250,31023366,31296651,31609195,31954292,32283194,32682947,33113134,33441054,33814531,34224490,34604469,34988947,36864898,37191330,37491165,37758631,37986012,38684815,38766939,38827764,38867322,38966376,39889852,40057389,40223509,40386875,40567864,43653155,44397319,45226803,45954106,46362946,46480882,46444832,46484062,46593236,46797754
Estonia,EST,"Population, total",SP.POP.TOTL,1211537,1225077,1241623,1258857,1277086,1294566,1308597,1318946,1331214,1345249,1360076,1376955,1392518,1405951,1460188,1468333,1477219,1487666,1498414,1552221,1561900,1568131,1569174,1561314,1415594,1399535,1386156,1390244,1396985,1354775,1346810,1340680,1337090,1334515,1314545,1315407,1315790,1317384,1321977
Ethiopia,ETH,"Population, total",SP.POP.TOTL,21739710,22281675,22852158,23448979,24073696,24727506,25377645,26051596,26778653,27530388,28308246,29099594,29891328,30694316,34259065,34758823,34945469,35818844,37213393,42851957,44511537,46195954,47878073,49937430,59347649,61233480,63136493,65077579,67031867,77469940,79691050,81996185,84357105,86755585,99746766,102471895,105293228,108197950,111129438
European Union,EUU,"Population, total",SP.POP.TOTL,356947129,359937892,362998792,366152978,369387359,372533839,375563155,378512582,381280912,383958527,386116472,388229403,390859355,393386261,404056840,405879948,407760829,409490677,410875285,416199247,417528527,418925771,420308868,421744728,426906931,427549432,428122323,428828749,429342455,435600393,437014860,438484072,439892213,440934530,443601373,444570054,445515422,446215182,447001100
Fragile and conflict affected situations,FCS,"Population, total",SP.POP.TOTL,245011384,250272662,255747541,261378272,267180143,273124351,279159120,285348867,291730814,298251790,304912795,311811738,318912229,326245504,367505626,376328233,384851768,392898821,401556230,450167244,460110602,470589503,483047361,493847579,560925893,573118372,585815261,599148682,612628069,690401342,707149927,723853346,741306396,759795159,857018106,876436311,896272698,916427867,936721531
Finland,FIN,"Population, total",SP.POP.TOTL,4429634,4461005,4491443,4523309,4548543,4563732,4580869,4605744,4626469,4623785,4606307,4612124,4639657,4666081,4752528,4764690,4779535,4799964,4826933,4932123,4946481,4964371,4986431,5013740,5124573,5139835,5153498,5165474,5176209,5246096,5266268,5288720,5313399,5338871,5461512,5479531,5495303,5508214,5515525
Fiji,FJI,"Population, total",SP.POP.TOTL,401841,414534,427695,441385,455214,469010,482358,494632,505979,516952,527634,538000,547918,557244,613611,628859,644582,660630,676967,754778,764370,772704,780430,784832,796538,804572,813947,823422,832509,874923,883083,890648,896731,901383,915560,917200,918371,919019,918996
France,FRA,"Population, total",SP.POP.TOTL,46649927,47161641,47679792,48189939,48733997,49282756,49817041,50334012,50817020,51272683,51724116,52185222,52637888,53053660,54486195,54753575,55052582,55371044,55694106,57168409,57472651,57766282,58044701,58557577,59756533,59969944,60192790,60504420,60921384,63188395,63628261,64021737,64379696,64710879,66312067,66548272,66724104,66918020,67158348
Faroe Islands,FRO,"Population, total",SP.POP.TOTL,34154,34572,34963,35385,35841,36346,36825,37234,37630,38011,38416,38861,39304,39746,41965,42506,43054,43613,44164,46477,46959,47490,47479,46810,44138,44495,44865,45203,45660,48291,48313,48361,48411,48429,48465,48816,49500,50230,50955
"Micronesia, Fed. Sts.",FSM,"Population, total",SP.POP.TOTL,42986,44563,46200,47758,49231,50759,52346,53940,55553,57236,58989,60673,62265,63889,71983,74114,76299,78531,80816,92845,94987,96796,98603,100427,110785,111133,111406,111539,111709,110940,110301,109532,108704,107868,109024,109462,109925,110430,110929
Gabon,GAB,"Population, total",SP.POP.TOTL,513340,519329,525754,532592,539830,547535,555748,564436,573611,584628,597192,609693,622289,635288,712135,730188,749078,768904,789585,905016,930464,956509,983028,1009995,1150601,1179806,1209832,1240764,1272935,1458353,1502534,1549774,1599978,1653542,1966855,2028517,2086206,2140215,2192012
United Kingdom,GBR,"Population, total",SP.POP.TOTL,52400000,52800000,53250000,53650000,54000000,54348050,54648500,54943600,55211700,55441750,55663250,55896223,56086065,56194527,56196504,56246951,56314216,56333829,56313641,56802050,56928327,57076711,57247586,57424897,58166950,58316954,58487141,58682466,58892514,60401206,60846820,61322463,61806995,62276270,64602298,65116219,65611593,66058859,66460344
Georgia,GEO,"Population, total",SP.POP.TOTL,3645600,3703600,3760300,3816100,3870300,3921600,3966700,4005800,4042300,4080300,4119900,4163000,4205300,4242500,4397700,4430200,4467700,4504500,4542800,4743500,4790700,4803300,4802000,4835900,4491699,4349913,4243607,4157192,4077131,3902469,3880347,3860158,3848449,3814419,3719414,3725276,3727505,3728004,3726549
Ghana,GHA,"Population, total",SP.POP.TOTL,6911510,7109029,7281192,7458243,7640196,7827726,8019658,8216086,8418152,8629855,8861895,9108878,9365952,9637197,11163230,11515675,11865246,12212960,12584976,14310790,14671677,15052447,15446982,15843471,17844010,18268040,18714708,19176791,19665502,22496951,23098586,23708320,24326087,24950762,28196358,28870939,29554303,30222262,30870641
Gibraltar,GIB,"Population, total",SP.POP.TOTL,21822,21907,22249,22796,23347,23910,24477,25047,25610,26162,26685,27069,27323,27558,28485,28618,28734,28819,28863,28272,28000,27688,27317,26988,27491,27564,27636,27695,27741,29155,29587,29996,30398,30819,32452,32520,32565,32602,32648
Guinea,GIN,"Population, total",SP.POP.TOTL,3516814,3578631,3642324,3707945,3775510,3845074,3916780,3990760,4067333,4145194,4222374,4298087,4372212,4445207,4804926,4885199,4972609,5067427,5170731,5820774,5977175,6136166,6354145,6615734,7683115,7842806,7992545,8174897,8336967,9140114,9330625,9547082,9779785,10021323,11333365,11625998,11930985,12240789,12554864
"Gambia, The",GMB,"Population, total",SP.POP.TOTL,399649,410801,422310,434173,446375,458908,471753,485132,499151,513686,528731,544317,560553,577488,672974,695155,718586,742846,768272,923914,960837,999732,1040616,1083536,1279070,1317002,1356189,1396499,1437539,1660368,1711294,1764883,1820542,1878119,2189019,2253133,2317206,2381182,2444916
Guinea-Bissau,GNB,"Population, total",SP.POP.TOTL,577933,583107,590399,595802,590481,577638,570375,573380,583475,587880,591663,594501,595950,603203,794328,821598,831462,844957,858630,928408,943080,958239,973551,993856,1140604,1162443,1184071,1206474,1230849,1379713,1414091,1450572,1488431,1527196,1743309,1788919,1834552,1879826,1924955
Equatorial Guinea,GNQ,"Population, total",SP.POP.TOTL,267351,272264,277490,283018,288852,295010,301517,308374,315325,318846,316955,311952,305362,298050,270866,273925,282509,296950,315741,414769,431587,448420,465549,483142,582573,605570,629734,655029,684977,864726,905418,948814,994971,1043686,1295183,1346973,1398927,1450694,1502091
Greece,GRC,"Population, total",SP.POP.TOTL,8331725,8398050,8448233,8479625,8510429,8550333,8613651,8684088,8740765,8772764,8792806,8831036,8888628,8929086,9429959,9548258,9642505,9729350,9789513,10000595,10036983,10089498,10196792,10319927,10608800,10661259,10720509,10761698,10805808,10987314,11020362,11048473,11077841,11107017,10892413,10820883,10775971,10754679,10732882
Grenada,GRD,"Population, total",SP.POP.TOTL,93772,95096,96052,96882,97613,98226,98692,98977,99056,98975,98794,98535,98225,97886,95811,95242,94838,95222,96534,100599,99877,99224,99047,99758,104846,105549,106200,106823,107432,110254,110988,111725,112478,113249,117972,118980,119966,120921,121838
Greenland,GRL,"Population, total",SP.POP.TOTL,32500,33700,35000,36400,37600,39200,40500,41900,43400,44900,46400,47200,48300,49000,49200,49600,50200,51000,51500,54100,54800,55300,55600,55500,55900,56000,56100,56100,56200,56935,56774,56555,56328,56323,56295,56114,56186,56172,56023
Guatemala,GTM,"Population, total",SP.POP.TOTL,4128880,4251911,4378604,4508444,4640795,4774984,4910790,5047435,5184095,5320100,5455197,5589563,5723759,5858466,6561919,6720582,6890346,7071186,7262658,8332446,8566331,8805995,9050115,9296814,10536942,10788362,11046215,11311078,11589761,12948292,13213330,13477017,13739299,14000190,15306316,15567419,15827690,16087418,16346950
Guam,GUM,"Population, total",SP.POP.TOTL,72374,73873,75412,76996,78621,80255,81879,83480,85046,86534,88300,90505,92815,95100,105710,107790,110286,113221,116189,130259,133079,135759,138263,140739,152261,154330,156357,158395,160188,164430,164675,164763,164725,164580,167543,167978,168346,168606,168678
Guyana,GUY,"Population, total",SP.POP.TOTL,571990,588597,604833,620703,635957,650207,663241,675064,685887,695919,705261,713904,721994,729865,768609,774482,778176,779686,779639,763706,758450,752897,747116,744096,753571,755211,756697,758014,759051,759709,758367,756521,754150,751258,751115,755031,759087,763252,785514
High income,HIC,"Population, total",SP.POP.TOTL,780138593,789918790,799922883,809831666,819716063,829301955,838420656,847172799,855824550,864581951,873281935,883628458,892701235,901467097,941758606,949816222,957608950,965344988,972633145,1005670379,1012656998,1020150995,1027500717,1035875187,1074550287,1081668120,1088601219,1095437130,1102139639,1136981371,1145510251,1154791752,1164409232,1173066945,1205686277,1212444178,1219354936,1225544265,1231508785
"Hong Kong SAR, China",HKG,"Population, total",SP.POP.TOTL,3114671,3168100,3305200,3420900,3504600,3597900,3629900,3722800,3802700,3863900,3959000,4045300,4123600,4241600,4667500,4929700,5063100,5183400,5264500,5580500,5627600,5686200,5704500,5752000,6435500,6489300,6543700,6606500,6665000,6813200,6857100,6916300,6957800,6972800,7229500,7291300,7336600,7393200,7452600
Honduras,HND,"Population, total",SP.POP.TOTL,2078617,2139928,2202854,2267708,2334492,2403465,2474523,2547497,2622982,2701381,2782753,2867501,2956021,3046715,3550368,3662736,3777990,3895736,4015647,4645733,4778114,4913676,5053234,5196887,5976550,6144112,6308537,6477365,6656725,7564613,7745200,7924462,8101777,8277302,9127846,9294505,9460798,9626842,9792850
Heavily indebted poor countries (HIPC),HPC,"Population, total",SP.POP.TOTL,163453961,167427839,171555341,175832578,180294830,184949176,189744990,194742549,199980949,205388448,210973069,216706865,222495959,228507880,262035002,269571043,276049311,282020641,289043160,330566338,339527267,348860257,358121820,367531126,425839678,437721228,449883034,462533086,475127894,547936900,563930944,579864063,596301357,613535903,706617213,727129254,748356635,770390212,792615894
Croatia,HRV,"Population, total",SP.POP.TOTL,4140181,4167292,4196712,4225675,4252876,4280923,4310701,4338683,4365628,4391490,4412252,4431275,4450564,4470161,4581085,4594778,4599782,4611509,4634234,4739745,4755207,4767260,4777368,4689022,4557097,4534920,4532135,4512597,4468302,4310145,4311159,4310217,4309705,4305181,4238389,4203604,4174349,4124531,4087843
Haiti,HTI,"Population, total",SP.POP.TOTL,3901139,3974934,4049504,4122260,4196349,4274348,4352949,4432716,4514006,4596642,4680812,4766423,4853117,4940710,5428667,5536423,5646676,5760197,5877684,6508349,6644959,6784161,6925331,7066055,7770593,7915172,8060896,8208941,8360225,9111900,9266288,9420826,9575247,9730638,10412740,10563757,10713849,10863543,11012421
Hungary,HUN,"Population, total",SP.POP.TOTL,9983967,10029321,10061734,10087947,10119835,10147935,10178653,10216604,10255815,10298723,10337910,10367537,10398489,10432055,10684822,10704152,10711122,10711848,10705535,10612741,10596487,10481719,10373988,10373400,10311238,10290486,10266570,10237530,10210971,10087065,10071370,10055780,10038188,10022650,9866468,9843028,9814023,9787966,9775564
IBRD only,IBD,"Population, total",SP.POP.TOTL,1904346683,1926042536,1960606353,2007060959,2053555416,2100537138,2150132295,2199465757,2250275429,2303176093,2357214919,2412347838,2466417742,2520234213,2775385281,2826107994,2877606021,2930839842,2986590983,3274474604,3335241965,3395099883,3454425770,3512455528,3779600328,3831608284,3882839036,3932457638,3980362565,4208938572,4252600296,4294824957,4338065967,4382047562,4616584921,4663653202,4709004177,4753252242,4794555928
IDA & IBRD total,IBT,"Population, total",SP.POP.TOTL,2297972283,2329503799,2374276327,2431314278,2488809469,2547220471,2608583276,2670092279,2733532608,2799372212,2866379293,2933804351,3000609403,3068507571,3400306889,3468586480,3537803261,3609060683,3683951411,4073992562,4156275472,4238116885,4319686835,4400104121,4789545395,4866752668,4943424234,5019066614,5093905754,5465994258,5539726956,5612590218,5686534868,5761985631,6160290229,6240231201,6319805369,6399653365,6477695468
IDA total,IDA,"Population, total",SP.POP.TOTL,393625600,403461263,413669974,424253319,435254053,446683333,458450981,470626522,483257179,496196119,509164374,521456513,534191661,548273358,624921608,642478486,660197240,678220841,697360428,799517958,821033507,843017002,865261065,887648593,1009945067,1035144384,1060585198,1086608976,1113543189,1257055686,1287126660,1317765261,1348468901,1379938069,1543705308,1576577999,1610801192,1646401123,1683139540
IDA blend,IDB,"Population, total",SP.POP.TOTL,120380760,123340386,126404800,129620425,132967846,136452685,140064295,143768745,147587480,151541193,155624492,159733122,163971973,168493744,194898741,201038256,208214579,215974148,223423864,259986149,268068057,276216577,284421830,292714523,333878799,342814697,351849692,361007750,370910722,419337831,429250772,439576756,450269469,461410153,516900084,527175885,537358412,547984961,559155599
Indonesia,IDN,"Population, total",SP.POP.TOTL,88382881,90816938,93345489,95962527,98675061,101157868,103561105,106260749,109138723,112149246,115228394,118347135,121504145,124709058,141250964,144693087,148177096,151686337,155228658,172421390,175694647,178949174,182159874,185361228,201373791,204628007,207855486,210996910,214072421,228805144,231797427,234858289,237936543,240981299,256229761,259091970,261850182,264498852,267066843
IDA only,IDX,"Population, total",SP.POP.TOTL,273244840,280120877,287265174,294632894,302286207,310230648,318386686,326857777,335669699,344654926,353539882,361723391,370219688,379779614,430022867,441440230,451982661,462246693,473936564,539531809,552965450,566800425,580839235,594934070,676066268,692329687,708735506,725601226,742632467,837717855,857875888,878188505,898199432,918527916,1026805224,1049402114,1073442780,1098416162,1123983941
Isle of Man,IMN,"Population, total",SP.POP.TOTL,48793,48422,48669,49131,49597,50057,50718,51731,52910,54099,55298,56431,57419,58325,62333,63172,64022,64558,64654,65554,66636,67740,68865,69770,71981,72793,73727,74668,75562,79415,80228,81100,81997,82915,83896,83593,83450,83580,83775
India,IND,"Population, total",SP.POP.TOTL,445954579,456351876,467024193,477933619,489059309,500114346,510992617,521987069,533431909,545314670,557501301,569999178,582837973,596107483,666267760,681248383,696828385,712869298,729169466,815716125,833729681,852012673,870452165,888941756,983281218,1002335230,1021434576,1040500054,1059633675,1154638713,1172373788,1189691809,1206734806,1223640160,1307246509,1322866505,1338636340,1354195680,1369003306
Not classified,INX,"Population, total",SP.POP.TOTL,,,,,,,,,,,,,,,,,,,,,,,,,,,,,,,,,,,,,,,
Ireland,IRL,"Population, total",SP.POP.TOTL,2828600,2824400,2836050,2852650,2866550,2877300,2888800,2902450,2915550,2932650,2957250,2992050,3036850,3085950,3329100,3373750,3412800,3453000,3485800,3540057,3524949,3511009,3513974,3534235,3637510,3674171,3712696,3754786,3805174,4159914,4273591,4398942,4489544,4535375,4657740,4701957,4755335,4807388,4867316
"Iran, Islamic Rep.",IRN,"Population, total",SP.POP.TOTL,21388806,21983622,22605050,23259094,23948624,24667026,25398700,26133341,26875302,27643685,28449705,29273682,30111574,30981898,35993661,37205013,38520664,40476251,42500030,50541490,52111868,53644736,55793629,57990883,61598378,62480533,63461421,64474745,65544383,70182594,71275760,72319418,73318394,74322685,79961672,81790841,83306231,84505076,85617562
Iraq,IRQ,"Population, total",SP.POP.TOTL,7084678,7260714,7481832,7735824,7997655,8270544,8553883,8848502,9156132,9476737,9811347,10154928,10507315,10872139,12819707,13233830,13653369,14067260,14467682,16598019,16987346,17442590,17658381,17846378,21639332,22330770,23053488,23820734,24628858,28698684,28905607,28660887,29218381,30289040,36746488,37757813,38697943,39621162,40590700
Iceland,ISL,"Population, total",SP.POP.TOTL,175574,179029,182378,185653,188983,192286,195570,198751,201488,203369,204438,206098,209137,212317,223537,225735,228138,230755,233860,245859,249740,252852,254826,257797,268916,271128,274047,277381,281205,296734,303782,311566,317414,318499,327386,330815,335439,343400,352721
Israel,ISR,"Population, total",SP.POP.TOTL,2114020,2185000,2293000,2379000,2475000,2563000,2629000,2745000,2803000,2877000,2974000,3069000,3148000,3278000,3690000,3786000,3878000,3956000,4031000,4369000,4442000,4518000,4660000,4949000,5692000,5836000,5971000,6125000,6289000,6930100,7053700,7180100,7308800,7485600,8215700,8380100,8546000,8713300,8882800
Italy,ITA,"Population, total",SP.POP.TOTL,50199700,50536350,50879450,51252000,51675350,52112350,52519000,52900500,53235750,53537950,53821850,54073490,54381345,54751406,56155143,56317749,56433883,56501675,56543548,56601931,56629288,56671781,56719240,56758521,56860281,56890372,56906744,56916317,56942108,57969484,58143979,58438310,58826731,59095365,60789140,60730582,60627498,60536709,60421760
Jamaica,JAM,"Population, total",SP.POP.TOTL,1642331,1663754,1683761,1703868,1725181,1746977,1768803,1790580,1812209,1834615,1859091,1886143,1915299,1945320,2080485,2106937,2135546,2166657,2199606,2336245,2354805,2373365,2392030,2411867,2532894,2554954,2576567,2596271,2612205,2676863,2689660,2701221,2711373,2722401,2784543,2794445,2802695,2808376,2811835
Jordan,JOR,"Population, total",SP.POP.TOTL,847936,891848,934615,978607,1029447,1093474,1172770,1265680,1366644,1466428,1557374,1636320,1704787,1767414,2069104,2138078,2216903,2306655,2406349,3014694,3157177,3310954,3480587,3666379,4608676,4733665,4844403,4950775,5056174,5678534,6075548,6473457,6632873,6780493,8658026,9494246,9964656,10215381,10459865
Japan,JPN,"Population, total",SP.POP.TOTL,93216000,94055000,94933000,95900000,96903000,97952000,98851000,99879000,101011000,102219000,103403000,105697000,107188000,108707000,114913000,115890000,116807000,117661000,118480000,122069000,122578000,123069000,123478000,123964000,125757000,126057000,126400000,126631000,126843000,127773000,127854000,128001000,128063000,128047000,127276000,127141000,127076000,126972000,126811000
Kazakhstan,KAZ,"Population, total",SP.POP.TOTL,9319283,9639302,9959414,10277790,10590934,10897644,11197568,11491228,11777849,12042478,12265305,12444338,12611997,12789985,13750291,13957795,14172710,14397391,14634179,16072478,16430590,16249500,16348000,16451711,15578227,15334405,15071640,14928374,14883626,15147029,15308085,15484192,15776938,16092822,17288285,17542806,17794055,18037776,18276452
Kenya,KEN,"Population, total",SP.POP.TOTL,7751435,8047470,8363578,8697200,9047387,9417207,9802605,10201068,10613877,11039551,11473087,11898457,12322903,12760405,15087423,15620613,16187124,16785962,17411491,20882094,21626122,22387803,23162269,23918235,27615736,28364264,29137373,29965129,30851606,35843010,36925253,38036793,39186895,40364444,45831863,46851488,47894670,48948137,49953304
Kyrgyz Republic,KGZ,"Population, total",SP.POP.TOTL,2172300,2255900,2333400,2413700,2495300,2573300,2655300,2736500,2818300,2894800,2959900,3022300,3088200,3153800,3487100,3552000,3617400,3685800,3759300,4144600,4218400,4307500,4391200,4463600,4628400,4696400,4769000,4840400,4898400,5162600,5218400,5268400,5318700,5383300,5835500,5956900,6079500,6198200,6322800
Cambodia,KHM,"Population, total",SP.POP.TOTL,5541676,5664654,5788854,5913680,6040847,6170727,6299230,6426445,6553109,6679708,6708525,6696324,6766289,6852360,5961193,6051808,6198959,6364472,6619699,7975597,8269780,8570928,8910808,9259362,11182612,11431569,11669077,11899006,12118841,13246583,13477779,13714791,13943888,14155740,15210817,15417523,15624584,15830689,16025238
Kiribati,KIR,"Population, total",SP.POP.TOTL,47093,48275,49508,50780,52092,53444,54428,54990,55511,56324,57437,58535,59606,60598,59465,59775,60813,61875,62977,69946,71680,73436,75124,76612,82832,84308,85805,87289,88826,98164,100083,101998,103966,105996,114985,116707,118513,120362,122261
St. Kitts and Nevis,KNA,"Population, total",SP.POP.TOTL,56660,56247,55404,54391,53255,52016,50683,49269,47772,46135,44968,44583,44416,44242,43465,43278,43097,42953,42794,41617,41321,40992,40636,40542,43097,43656,44230,44825,45461,46725,46874,47015,47156,47286,47789,47790,47788,47785,47761
"Korea, Rep.",KOR,"Population, total",SP.POP.TOTL,25012374,25765673,26513030,27261747,27984155,28704674,29435571,30130983,30838302,31544266,32240827,32882704,33505406,34103149,36969185,37534236,38123775,38723248,39326352,41621690,42031247,42449038,42869283,43295704,45524681,45953580,46286503,46616677,47008111,48184561,48438292,48683638,49054708,49307835,50746659,51014947,51217803,51361911,51585058
Kuwait,KWT,"Population, total",SP.POP.TOTL,305415,339697,378190,420494,465748,513840,565463,621242,681117,743044,802786,858734,913785,970527,1329074,1412266,1493870,1573026,1652921,2048477,2129153,2210013,1674938,1339500,1703318,1761468,1819544,1877427,1934901,2235403,2363409,2506769,2650930,2795550,3761584,3908743,4048085,4124904,4317185
Latin America & Caribbean (excluding high income),LAC,"Population, total",SP.POP.TOTL,194711112,200250715,205949399,211793513,217767514,223847681,229988384,236176636,242412816,248701446,255049279,261469430,267987160,274614064,309220692,316512545,323797061,330950954,338095672,374403954,381662610,388933687,396328556,403768603,440183193,447290040,454334962,461289769,468125382,500076606,506094784,511989821,517759389,523473668,552781789,558562792,564377885,570381211,576620516
Lao PDR,LAO,"Population, total",SP.POP.TOTL,2122532,2171141,2221615,2273219,2325513,2379456,2434861,2491927,2551070,2612111,2675283,2740732,2808290,2877561,3177945,3233700,3297519,3370993,3453691,3959697,4074961,4193532,4314443,4437225,5043914,5150538,5246922,5340056,5430853,5852970,5946593,6041348,6135861,6229930,6691454,6787419,6891363,6997917,7105006
Lebanon,LBN,"Population, total",SP.POP.TOTL,1798092,1853295,1911959,1971511,2030440,2087445,2145646,2203202,2262291,2323823,2381791,2442137,2505965,2569841,3183405,2902164,2963702,3027222,3070133,3390870,3457148,3525502,3593700,3666734,4034243,4107551,4178784,4250020,4320642,4643044,4719864,4809608,4887613,4951135,6274342,6398940,6258619,6109252,5950839
Liberia,LBR,"Population, total",SP.POP.TOTL,1137026,1165005,1194085,1224169,1255197,1287315,1320315,1354287,1389453,1425879,1463563,1501658,1540995,1582697,1820861,1875566,1932169,1989690,2047602,2372449,2439639,2507600,2209731,1939236,2203966,2383300,2639224,2789743,2895224,3266318,3455397,3632740,3783887,3905066,4519398,4612329,4706097,4796631,4889391
Libya,LBY,"Population, total",SP.POP.TOTL,1426986,1478760,1535157,1594758,1652102,1700072,1739831,1778578,1819393,1862823,1909177,1958320,2012796,2084256,2676117,2816917,2962720,3112015,3265457,3911939,4021565,4130042,4236983,4341971,4820066,4902346,4980962,5057998,5154790,5837986,5973369,6097177,6228370,6360191,6097764,6192235,6282196,6378261,6477793
St. Lucia,LCA,"Population, total",SP.POP.TOTL,91614,92761,93823,94887,95948,97024,98126,99257,100400,101605,103090,104781,106457,108114,117397,119463,121633,123909,126194,136780,138660,140457,142301,144268,153969,155454,156855,158256,159500,165386,166470,167518,168576,169688,174804,175623,176413,177163,177888
Latin America & Caribbean,LCN,"Population, total",SP.POP.TOTL,219142626,225304612,231638540,238127927,244742056,251458185,258225265,265030167,271885703,278797542,285779012,292852914,300036114,307345195,345450768,353452209,361451180,369321289,377189872,417266298,425320442,433393694,441597528,449847635,490304061,498199382,506010566,513714410,521281149,556739532,563424119,569972223,576386180,582738079,615046755,621390109,627668470,633797190,639628226
Least developed countries: UN classification,LDC,"Population, total",SP.POP.TOTL,243747624,249669012,255852360,262222227,268840613,275712411,282750085,290061165,297680657,305463862,313150585,320137304,327434877,335785808,379602942,389654865,398831237,407724663,418029153,476678929,488634944,500927368,513410293,525967892,599913754,614755340,629930825,645681010,661430964,749189504,767538041,785635469,803947600,823002155,928661685,951184941,974516186,998532743,1022731692
Low income,LIC,"Population, total",SP.POP.TOTL,135762574,138934269,142232863,145659986,149260915,153026043,156903784,160978695,165256142,169632655,174131565,178729317,183334870,188076728,214272852,220230887,225097677,229413733,234808317,267469591,274348618,281571278,288759638,296103521,343031111,352755561,362458276,372579993,382593480,441886612,455313027,469010772,482640782,496609143,567702296,582173028,597683499,613946858,630865826
Liechtenstein,LIE,"Population, total",SP.POP.TOTL,16472,16834,17221,17625,18058,18500,18957,19467,20011,20558,21089,21517,21873,22251,24205,24616,25003,25346,25689,27542,27944,28357,28765,29168,31337,31770,32190,32615,33026,34603,34889,35150,35401,35675,37096,37355,37609,37889,38181
Sri Lanka,LKA,"Population, total",SP.POP.TOTL,9783871,10022888,10267067,10517531,10774086,11035224,11299721,11571008,11846815,12119207,12388769,12654651,12914457,13169737,14414816,14680387,14943645,15198918,15438753,16547139,16773736,16990575,17204094,17416596,18322506,18449123,18560798,18670411,18776371,19673866,19870706,20078655,20285643,20482477,21239457,21336697,21425494,21506813,21670000
Lower middle income,LMC,"Population, total",SP.POP.TOTL,905832820,927621191,949925376,972872519,996352837,1020043942,1043853774,1068117815,1093114705,1118785775,1144754531,1170453002,1197065575,1225343879,1377817851,1410875210,1446429615,1484255406,1522502878,1719627844,1760619584,1802051624,1844475984,1887004231,2092206279,2133529481,2175317595,2217196774,2259879800,2471959522,2513577643,2555229019,2596637908,2638537324,2858673420,2902878488,2946639176,2990172548,3033153113
Low & middle income,LMY,"Population, total",SP.POP.TOTL,2243178704,2274049905,2318172647,2374537275,2431354529,2489218929,2550048939,2610858879,2673666819,2738979549,2805572550,2872595869,2938844718,3006125509,3333664297,3401137532,3469528886,3539933936,3613996536,4000290312,4081930110,4163156247,4246144171,4326435528,4714457805,4791350281,4867621521,4942884760,5017754094,5389050292,5462498035,5535250735,5609097906,5684268515,6081160760,6160876270,6240319049,6320334263,6399036689
Lesotho,LSO,"Population, total",SP.POP.TOTL,737838,760895,784681,809138,834215,860220,887841,918923,952992,987909,1023481,1059879,1097242,1135631,1331213,1368917,1407672,1447501,1488399,1698939,1733733,1767091,1798997,1829509,1955098,1972579,1985639,1994243,1998630,1977424,1976780,1983465,1995014,2009169,2095242,2118521,2143872,2170617,2198017
Late-demographic dividend,LTE,"Population, total",SP.POP.TOTL,1095548725,1097728985,1112142897,1137971547,1163376707,1189485776,1218319662,1246291107,1275030950,1305235738,1336152939,1367659433,1397522486,1426459153,1548637582,1570920160,1593099029,1615957004,1640893480,1768376867,1796192544,1822788469,1847821462,1871805819,1975855844,1995080443,2013531302,2030612791,2046026051,2114895075,2128519993,2142132712,2156046215,2169857353,2244043359,2258406242,2272340223,2286627723,2298987594
Lithuania,LTU,"Population, total",SP.POP.TOTL,2778550,2823550,2863350,2898950,2935200,2971450,3008050,3044400,3078850,3107321,3139689,3179041,3213622,3244438,3379514,3397842,3413202,3432947,3457179,3616367,3655049,3684255,3697838,3704134,3601613,3575137,3549331,3524238,3499536,3322528,3269909,3231294,3198231,3162916,2932367,2904910,2868231,2828403,2801543
Luxembourg,LUX,"Population, total",SP.POP.TOTL,313970,316845,320750,324100,327750,331500,333895,334995,335850,337500,339171,342421,346600,350450,362007,362856,364150,365225,365525,370750,373450,377100,381850,387000,414225,419450,424700,430475,436300,465158,472637,479993,488650,497783,556319,569604,582014,596336,607950
Latvia,LVA,"Population, total",SP.POP.TOTL,2120979,2152681,2181586,2210919,2240623,2265919,2283217,2301220,2323619,2343173,2359164,2376389,2395674,2415819,2497921,2505953,2511701,2519421,2531080,2626583,2653434,2666955,2663151,2650581,2457222,2432851,2410019,2390482,2367550,2238799,2218357,2200325,2177322,2141669,1993782,1977527,1959537,1942248,1927174
"Macao SAR, China",MAC,"Population, total",SP.POP.TOTL,177014,178672,186039,193618,201380,209278,217232,225151,232929,240416,247284,249832,248669,247838,246048,245605,245332,248695,256692,311808,324478,337336,350227,362390,404297,411700,418776,425518,431896,488619,501863,515330,529038,543021,604167,615239,626688,638609,650991
St. Martin (French part),MAF,"Population, total",SP.POP.TOTL,4135,4258,4388,4524,4666,4832,5044,5294,5497,5646,5802,5957,6114,6278,7357,7572,7776,7963,8957,20853,23552,26303,28127,28736,29407,29299,29102,29099,29610,33452,34183,34887,35541,36132,35261,35020,34811,34496,33852
Morocco,MAR,"Population, total",SP.POP.TOTL,11769774,12081713,12404757,12726686,13044254,13381880,13738502,14109755,14490077,14876982,15274351,15677300,16081438,16489452,18679859,19167661,19678444,20208260,20746765,23279935,23720590,24148104,24570814,24988083,26999093,27397118,27791825,28176997,28554415,30431902,30833022,31232633,31634992,32042877,34248603,34680458,35107264,35528115,35927511
Monaco,MCO,"Population, total",SP.POP.TOTL,21797,21907,22106,22442,22766,23022,23198,23281,23481,23875,24270,24610,24889,25102,26553,26834,27076,27284,27573,29500,29802,30078,30329,30564,31719,31968,32209,32394,32465,32141,32011,31823,31862,32401,36110,36760,37071,37044,37029
Moldova,MDA,"Population, total",SP.POP.TOTL,2074015,2127854,2177676,2222675,2264461,2301425,2336782,2369729,2400264,2429193,2456514,2483032,2509550,2536068,2668657,2692764,2716068,2740175,2765889,2904907,2931424,2952317,2965978,2973210,2947293,2936413,2935227,2930622,2924668,2888985,2880967,2874299,2868833,2865213,2857815,2835978,2803186,2755189,2707203
Madagascar,MDG,"Population, total",SP.POP.TOTL,5073342,5206239,5343117,5484252,5630024,5780453,5936461,6099529,6270528,6450324,6639751,6840457,7051090,7268560,8440919,8692289,8948162,9207310,9470990,10890514,11206789,11536734,11882762,12245260,14317454,14778903,15250934,15730885,16216431,18792171,19350299,19924958,20513599,21117092,24215976,24850912,25501941,26169542,26846541
Maldives,MDV,"Population, total",SP.POP.TOTL,91650,93952,96332,98775,101241,104566,108713,112547,116049,119569,123243,127066,130990,134940,156025,160326,164887,169663,174523,204256,211160,217937,224957,232150,263841,269040,273796,278111,282507,307018,314401,325126,336883,349037,416738,435582,454252,472442,489758
Middle East & North Africa,MEA,"Population, total",SP.POP.TOTL,104958259,107670788,110538003,113518054,116624655,119831991,123155200,126678043,130258116,133970600,137811201,141732410,145744541,149964066,174922290,180155296,186021685,192641039,199419033,233512587,240428079,247406122,256203998,263445808,295366235,301680248,308041622,314472124,321037453,354462370,362633997,371324802,380294099,389332369,431664579,440506473,448917409,456885486,465073490
Mexico,MEX,"Population, total",SP.POP.TOTL,36268055,37439317,38683283,39982118,41333878,42737991,44180437,45656963,47170337,48714394,50289306,51897675,53543436,55228203,64123997,65972912,67705186,69233769,70656783,77553504,78892015,80233749,81720428,83351595,91586555,93183094,94767284,96334810,97873442,105442402,106886790,108302973,109684489,111049428,118755887,120149897,121519221,122839258,124013861
Marshall Islands,MHL,"Population, total",SP.POP.TOTL,15374,15867,16387,16947,17537,18154,18794,19665,21001,22623,23969,24680,25084,25522,29892,30902,31988,33219,34569,42122,43687,44988,46047,47053,51538,52358,53164,53834,54224,54337,54208,54038,53816,53593,50419,49410,48329,47187,45989
Middle income,MIC,"Population, total",SP.POP.TOTL,2107416130,2135115636,2175939784,2228877289,2282093614,2336192886,2393145155,2449880184,2508410677,2569346894,2631440985,2693866552,2755509848,2818048781,3119391445,3180906645,3244431209,3310520203,3379188219,3732820721,3807581492,3881584969,3957384533,4030332007,4371426694,4438594720,4505163245,4570304767,4635160614,4947163680,5007185008,5066239963,5126457124,5187659372,5513458464,5578703242,5642635550,5706387405,5768170863
North Macedonia,MKD,"Population, total",SP.POP.TOTL,1462368,1481112,1497338,1511854,1529507,1547982,1567707,1588649,1610537,1633502,1656783,1679012,1701498,1725228,1851978,1879354,1907023,1935200,1958275,2023097,2031932,2039426,2044174,2036686,1994226,1996869,2007523,2017142,2026350,2036855,2040228,2043559,2046898,2050671,2067471,2070226,2072490,2074502,2076217
Mali,MLI,"Population, total",SP.POP.TOTL,5346792,5420247,5494845,5570462,5647380,5726382,5806572,5888497,5973762,6061764,6153587,6247878,6347158,6455257,7072938,7218079,7372581,7532864,7696349,8474329,8617474,8774122,8945026,9123969,10131906,10359301,10620475,10916993,11239101,13180551,13623541,14080912,14551117,15032635,17551814,18112907,18700106,19311355,19934298
Malta,MLT,"Population, total",SP.POP.TOTL,326550,325250,323900,322550,321250,318800,315200,311550,307900,304300,302650,302700,302450,302200,310182,313342,316645,318982,325898,344485,347325,350722,354170,363845,379905,382791,385287,387578,390087,403834,405308,406724,409379,412477,434558,445053,455356,467999,484630
Myanmar,MMR,"Population, total",SP.POP.TOTL,21720697,22203109,22699703,23210687,23737818,24286878,24854704,25440029,26044111,26659479,27284112,27914953,28551949,29165356,32185601,32821779,33465781,34110098,34742586,38233171,38868270,39489419,40099553,40680533,43423369,43972046,44516185,45041636,45538332,47724471,48088274,48445647,48729486,49015836,51072436,51483949,51892349,52288341,52666014
Middle East & North Africa (excluding high income),MNA,"Population, total",SP.POP.TOTL,97179656,99620285,102159899,104817905,107577280,110431969,113410132,116518346,119706733,122973346,126316235,129707914,133164152,136734072,158089953,162482818,167489905,173266699,179198278,208687611,214593293,220541237,228846359,235243716,262236018,267566671,272938873,278356861,283899110,311948573,317983066,324080392,330293304,336675037,370756356,378137339,385054538,391607422,398375344
Montenegro,MNE,"Population, total",SP.POP.TOTL,480579,491140,502558,513409,521753,526327,526419,522796,517481,513340,512407,515449,521785,530220,562065,566888,572608,579445,587001,608144,607413,606571,606372,607105,611003,609520,607662,606001,604950,614261,615025,615875,616969,618294,621810,622159,622303,622373,622227
Mongolia,MNG,"Population, total",SP.POP.TOTL,977903,1011502,1045315,1075888,1104017,1134072,1165746,1198197,1230406,1261887,1293880,1327781,1363835,1402309,1615868,1657448,1697780,1739221,1781797,2021502,2073771,2120825,2161433,2200077,2357033,2381771,2405148,2428488,2450979,2559255,2581242,2605643,2633887,2666713,2902823,2964749,3029555,3096030,3163991
Northern Mariana Islands,MNP,"Population, total",SP.POP.TOTL,8702,8965,9252,9561,9890,10229,10577,10720,10440,9952,10143,11279,12730,14094,16194,16494,17613,19902,22647,38923,42381,45859,48002,48302,53367,60817,68501,76237,80338,69025,66060,63050,60032,57056,51856,51514,51133,50729,50304
Mozambique,MOZ,"Population, total",SP.POP.TOTL,6788375,6917521,7060376,7209807,7363639,7524154,7689643,7859471,8035529,8217930,8411676,8622890,8860585,9123668,10741128,11127844,11413587,11640015,11901827,12964793,12956772,13087604,13303459,13561175,16079553,16521724,16923195,17337893,17768505,20211114,20735982,21280513,21845571,22436660,26038704,26843246,27696493,28569441,29423878
Mauritania,MRT,"Population, total",SP.POP.TOTL,838478,861663,885938,911290,937830,965621,994697,1024992,1056393,1088832,1122198,1156361,1191376,1227358,1421786,1463514,1506694,1551687,1598332,1851092,1905847,1955040,2006027,2066302,2428816,2484278,2550501,2620611,2695003,3012360,3081229,3153508,3233336,3322616,3843174,3946220,4051890,4160015,4270712
Mauritius,MUS,"Population, total",SP.POP.TOTL,676683,680757,700349,718861,736381,753000,768813,783917,798413,812405,826000,839230,852053,864819,933499,949888,966039,980462,992521,1036082,1043239,1051260,1058775,1070266,1133996,1148284,1160421,1175267,1186873,1228254,1233996,1239630,1244121,1247429,1261208,1262879,1263747,1264887,1265577
Malawi,MWI,"Population, total",SP.POP.TOTL,3621081,3708193,3799155,3893628,3990361,4089097,4190764,4295762,4403430,4512861,4625141,4742480,4865978,4996239,5808810,6029140,6267369,6519891,6784347,8295993,8754781,9174895,9539665,9831584,10310528,10512678,10732456,10973956,11229387,12755648,13118307,13495463,13889423,14298932,16477966,16938942,17405624,17881167,18367883
Malaysia,MYS,"Population, total",SP.POP.TOTL,7833782,8074805,8324218,8579350,8835925,9091016,9340240,9582086,9821308,10061684,10306508,10552557,10801619,11062664,12543892,12875011,13215707,13564594,13921029,16033103,16524616,17020143,17517054,18017464,20689051,21249178,21810542,22368655,22945150,25923536,26509413,27092604,27664296,28217204,30606459,31068833,31526418,31975806,32399271
North America,NAC,"Population, total",SP.POP.TOTL,198624756,202007500,205198600,208253700,211262900,214031100,216659000,219176000,221503000,223759000,226431000,229677632,232168663,234454577,246601803,249310344,251795337,254340965,256836391,268793450,271349094,274154622,277373464,281077441,299064347,302623445,306070116,309502571,312909974,327824506,331015609,334185120,337406357,340466060,353888902,356507139,359245796,361731237,363967201
Namibia,NAM,"Population, total",SP.POP.TOTL,590181,601424,613808,627358,642054,657887,674818,693063,712427,732881,754467,776995,800610,824918,942023,957334,975994,987394,1005520,1165430,1207949,1288070,1369011,1415617,1650066,1693242,1735953,1778277,1819141,1962865,1986558,2011492,2038552,2067919,2243001,2282704,2323352,2364534,2405680
New Caledonia,NCL,"Population, total",SP.POP.TOTL,79000,81200,83400,85700,88100,90500,93500,96500,99500,104000,112000,120000,125500,128500,137500,138500,140050,142650,145700,160500,163650,166898,170899,175362,197564,201418,205279,209214,213230,232250,235750,239250,242750,245950,268050,269460,270220,270810,271170
Niger,NER,"Population, total",SP.POP.TOTL,3497431,3602530,3711068,3822697,3937008,4053524,4172501,4294283,4417954,4542993,4669708,4797068,4926318,5059382,5810351,5987151,6173177,6366262,6564445,7636591,7872252,8116075,8370648,8634640,10149937,10494201,10854920,11231469,11622665,13855221,14365168,14897873,15455175,16037915,19372014,20128124,20921743,21737922,22577058
Nigeria,NGA,"Population, total",SP.POP.TOTL,44928342,45855507,46821845,47822569,48856332,49925799,51020296,52106681,53210119,54360750,55569264,56837614,58173834,59605446,68633344,70750307,72951439,75175387,77388067,88044187,90351467,92744064,95214257,97685360,110956183,113791181,116690527,119695565,122851984,140490722,144329764,148294028,152382506,156595758,179379016,183995785,188666931,193495907,198387623
Nicaragua,NIC,"Population, total",SP.POP.TOTL,1789684,1844630,1901451,1960155,2020941,2084097,2150003,2219001,2291300,2366635,2444767,2525481,2603182,2682747,3128544,3214311,3303309,3397659,3491906,3941463,4033291,4129447,4227820,4327289,4812391,4895962,4974552,5049878,5123222,5454678,5529811,5607453,5687744,5770639,6208676,6298598,6389235,6480532,6572233
Netherlands,NLD,"Population, total",SP.POP.TOTL,11486631,11638712,11805689,11965966,12127120,12294732,12456251,12598201,12729721,12877984,13038526,13194497,13328593,13439322,13941700,14038270,14149800,14247208,14312690,14665037,14760094,14848907,14951510,15069798,15530498,15610650,15707209,15812088,15925513,16319868,16346101,16381696,16445593,16530388,16865008,16939923,17030314,17131296,17231624
Norway,NOR,"Population, total",SP.POP.TOTL,3581239,3609800,3638918,3666537,3694339,3723168,3753012,3784539,3816486,3847707,3875763,3903039,3933004,3960612,4058671,4072517,4085620,4099702,4114787,4186905,4209488,4226901,4241473,4261732,4381336,4405157,4431464,4461913,4490967,4623291,4660677,4709153,4768212,4828726,5137232,5188607,5234519,5276968,5311916
Nepal,NPL,"Population, total",SP.POP.TOTL,10167941,10365144,10570716,10782717,11002819,11232951,11470199,11715579,11970411,12231874,12501285,12774870,13052220,13335963,14888770,15238564,15600442,15969792,16347124,18326204,18720745,19145077,19616530,20130779,22783969,23249417,23703328,24143157,24559500,26285110,26518971,26713655,26881544,27026941,27462106,27610325,27861186,28183426,28506712
Nauru,NRU,"Population, total",SP.POP.TOTL,4582,4753,4950,5198,5484,5804,6021,6114,6288,6508,6663,6778,6883,6990,7541,7586,7635,7691,7672,8759,9022,9306,9598,9902,10345,10363,10377,10383,10377,10318,10294,10267,10243,10233,10940,11185,11437,11682,11924
New Zealand,NZL,"Population, total",SP.POP.TOTL,2371800,2419700,2482000,2531800,2585400,2628400,2675900,2724100,2748100,2772800,2810700,2853000,2903900,2961300,3121200,3109000,3112900,3124900,3156100,3274400,3283400,3299200,3329800,3495100,3732000,3781300,3815000,3835100,3857700,4133900,4184600,4223800,4259800,4302600,4516500,4609400,4714100,4813600,4900600
OECD members,OED,"Population, total",SP.POP.TOTL,807630906,818832113,830289099,841722274,853200694,864404090,875187633,885770688,896137038,906483797,916668377,928686457,939481333,949978422,998939909,1008706437,1018252563,1027442087,1036208122,1077596775,1086103456,1095110298,1104791543,1115756696,1164716390,1173865390,1182690089,1191524686,1200179492,1245447053,1254649810,1263898853,1273582053,1282495531,1322075502,1330315361,1338790910,1346867343,1354836308
Oman,OMN,"Population, total",SP.POP.TOTL,536553,546443,557139,568603,580824,593808,607538,622042,637379,653593,670693,688803,708045,728597,912750,963351,1017462,1075624,1138301,1533351,1623433,1713838,1804524,1895187,2209958,2245588,2279727,2312600,2344253,2515192,2560649,2605700,2651028,2697537,4009267,4191776,4398070,4541854,4601157
Other small states,OSS,"Population, total",SP.POP.TOTL,9080716,9244843,9436172,9631390,9819458,9995778,10170872,10357064,10557555,10758492,10967380,11192773,11434859,11695530,13283747,13615223,13944253,14271696,14609237,16485453,16892944,17344012,17806417,18240116,19901069,20269198,20646215,21041578,21437978,23450481,24035320,24697686,25375277,26013714,28907552,29621042,30309997,30940313,31494491
Pakistan,PAK,"Population, total",SP.POP.TOTL,45954226,47060915,48161841,49325050,50552592,51841626,53199414,54629793,56124743,57676805,59290872,60878781,62509565,64285624,74789330,77407341,80624057,84270202,87828198,104251093,107967838,111670386,115414069,119203569,137234810,141330267,145476106,149694462,154369924,174372098,178069984,181924521,185931955,190123222,208251628,210969298,213524840,216379655,219731479
Panama,PAN,"Population, total",SP.POP.TOTL,1126989,1160832,1196289,1233267,1271461,1310556,1350462,1391072,1432255,1473965,1516188,1559072,1602646,1646580,1867313,1911814,1956987,2003092,2050247,2297231,2347821,2398535,2449968,2502044,2771606,2827992,2885177,2943120,3001731,3305868,3368573,3431614,3495276,3559343,3888793,3957099,4026336,4096063,4165255
Peru,PER,"Population, total",SP.POP.TOTL,10172207,10478096,10792094,11112665,11442301,11781581,12127990,12481626,12843249,13213739,13562371,13911968,14292437,14674785,16638480,17059185,17492406,17932344,18374372,20671360,21143799,21624311,22109099,22583006,24907304,25365386,25818226,26252239,26654439,28147267,28381078,28600387,28806185,29009326,30353951,30711863,31132779,31605486,32203944
Philippines,PHL,"Population, total",SP.POP.TOTL,28486871,29342411,30185979,31043711,31916622,32805538,33704749,34616857,35544973,36477170,37435586,38421746,39412479,40406234,45890739,47154232,48419546,49679330,50938522,57415175,58755923,60127343,61558898,63039751,70944969,72718837,74491918,76249064,77958223,86261250,87901835,89561377,91252326,92946951,101325201,103031365,104875266,106738501,108568836
Palau,PLW,"Population, total",SP.POP.TOTL,9446,9639,9851,10076,10318,10563,10813,10992,11079,11159,11366,11740,12172,12541,12387,12300,12252,12386,12666,14309,14632,14957,15293,15640,17732,18297,18852,19380,19726,19831,19619,19366,19102,18826,17796,17794,17816,17837,17864
Papua New Guinea,PNG,"Population, total",SP.POP.TOTL,1985666,2035672,2082562,2129222,2175409,2222178,2271490,2322647,2375356,2430922,2489059,2549315,2610700,2672144,2979606,3041902,3104788,3169073,3235264,3600343,3679651,3764112,3864972,3990995,4785895,4960439,5138829,5321388,5508297,6498818,6708217,6921066,7137988,7358890,8464153,8682174,8899169,9114796,9329227
Poland,POL,"Population, total",SP.POP.TOTL,29637450,29964000,30308500,30712000,31139450,31444950,31681000,31987155,32294655,32548300,32664300,32783500,33055650,33357200,34965600,35247217,35574150,35898587,36230481,37668045,37824487,37961529,38110782,38246193,38624370,38649660,38663481,38660271,38258629,38165445,38141267,38120560,38125759,38151603,38011735,37986412,37970087,37974826,37974750
Pre-demographic dividend,PRE,"Population, total",SP.POP.TOTL,188484894,192890980,197549304,202413011,207480357,212742196,218153165,223721654,229504001,235497996,241726476,248182949,254807021,261772896,302442287,311978056,320890339,328651565,336918508,386270164,396251031,406731853,417144782,427363888,495937962,508962926,523022619,537918075,553089230,640493810,659115651,677333522,697003893,718121906,832469778,856420253,880891473,905987912,931467165
Puerto Rico,PRI,"Population, total",SP.POP.TOTL,2358000,2399722,2450322,2504530,2554066,2594000,2624995,2645674,2662064,2684150,2718000,2762190,2817256,2878786,3129421,3168088,3206000,3242552,3277453,3441850,3473898,3505650,3537000,3562110,3724655,3759430,3781101,3800081,3810605,3821362,3805214,3782995,3760866,3740410,3534874,3473232,3406672,3325286,3193354
"Korea, Dem. People's Rep.",PRK,"Population, total",SP.POP.TOTL,11655666,11916515,12180505,12475236,12787523,13105946,13444048,13821409,14216305,14605481,14996879,15381626,15768363,16128122,17472094,17719172,17973650,18235202,18502087,19903893,20197464,20494965,20799523,21115534,22614347,22827373,23023636,23204498,23367059,24100982,24235761,24356506,24469047,24581509,25126131,25258015,25389611,25516321,25638149
Portugal,PRT,"Population, total",SP.POP.TOTL,8857716,8929316,8993985,9030355,9035365,8998595,8930990,8874520,8836650,8757705,8680431,8643756,8630430,8633100,9558250,9661265,9766312,9851362,9911771,10030031,10019610,10005000,9983218,9960235,10063945,10108977,10160196,10217828,10289898,10503330,10522288,10542964,10558177,10568247,10401062,10358076,10325452,10300300,10283822
Paraguay,PRY,"Population, total",SP.POP.TOTL,1894829,1941208,1989376,2039390,2090840,2143153,2195955,2248882,2301887,2355122,2408787,2463777,2521508,2583160,2924370,2999415,3078912,3163299,3251678,3739050,3844437,3951288,4059195,4167996,4711655,4818289,4923449,5026031,5123819,5476878,5534675,5590145,5645148,5702574,6090721,6177950,6266615,6355404,6443328
West Bank and Gaza,PSE,"Population, total",SP.POP.TOTL,,,,,,,,,,,,,,,,,,,,,,,1978248,2068845,2587997,2706518,2776568,2848431,2922153,3320396,3406334,3494496,3591977,3689099,4173398,4270092,4367088,4454805,4569087
Pacific island small states,PSS,"Population, total",SP.POP.TOTL,905537,932520,960258,988767,1017629,1046929,1075580,1102445,1128479,1154784,1180979,1206288,1230989,1255419,1390769,1422213,1454737,1487956,1521474,1691381,1721273,1749210,1776243,1800161,1917072,1945783,1976146,2006341,2035672,2172802,2199540,2226078,2251506,2276149,2405308,2431426,2457814,2484263,2510226
Post-demographic dividend,PST,"Population, total",SP.POP.TOTL,755575073,764678914,773971699,783063134,792060920,800834639,809130400,817080267,824785271,832436871,839994662,849355911,857312419,864799662,897250576,903640940,909780809,915881806,921481239,946544990,952006529,957909363,964048985,971176019,1000693857,1005936747,1010875500,1015710581,1020793420,1046468599,1052106032,1058252873,1064631968,1070085408,1092179620,1097061415,1102020063,1106212920,1110123356
French Polynesia,PYF,"Population, total",SP.POP.TOTL,84851,86921,89208,91963,95192,98674,102281,105995,109832,113803,117891,122108,126457,130883,153745,158563,163591,168892,174343,196856,201740,206571,211089,215444,235189,239036,242882,246821,250927,271060,274901,278178,280558,282283,289873,291787,293541,295450,297606
Qatar,QAT,"Population, total",SP.POP.TOTL,36385,40111,45123,50950,57531,64843,73102,82517,93022,104517,118007,133096,148338,163734,243624,260368,277450,294887,312608,397391,412142,426896,441675,456486,529265,550591,580997,613302,645937,848710,1015060,1231893,1444277,1610274,2214465,2414573,2595166,2711755,2766732
Romania,ROU,"Population, total",SP.POP.TOTL,18406905,18555250,18676550,18797850,18919126,19031576,19215450,19534242,19799831,20009141,20250398,20461567,20657957,20835681,21951464,22090488,22207282,22353070,22475741,22949430,23057662,23161458,23201835,23001155,22619004,22553978,22507344,22472040,22442971,21319685,21193760,20882982,20537875,20367487,19908979,19815616,19702267,19588715,19473970
Russian Federation,RUS,"Population, total",SP.POP.TOTL,119897000,121236000,122591000,123960000,125345000,126745000,127468000,128196000,128928000,129664000,130404000,131155000,131909000,132669000,137060000,138027000,139010000,139941000,140823000,145908000,146857000,147721000,147969407,148394216,148160129,147915361,147670784,147214776,146596869,143518814,143049637,142805114,142742366,142785349,143819667,144096870,144342397,144496739,144477859
Rwanda,RWA,"Population, total",SP.POP.TOTL,2966162,3046654,3122124,3191311,3263640,3348631,3444021,3549461,3662010,3777879,3896367,4015403,4135579,4259484,4921953,5074374,5247532,5441966,5652900,6735829,6953975,7141974,7319962,7485681,6715510,7666732,7914645,8009587,8109989,9026299,9270066,9523168,9781996,10043737,11368451,11642959,11930899,12230339,12531808
South Asia,SAS,"Population, total",SP.POP.TOTL,571192428,584794755,598784274,613149540,627867470,642649029,657382046,672401853,688013461,704112818,720399195,736135444,752397791,770083670,863852185,884031584,904993069,926216545,948043890,1066371857,1091004504,1116147699,1141312704,1166480561,1299407301,1326007987,1352849350,1379874856,1406945493,1541263909,1565892885,1589454615,1612709085,1636411632,1754030304,1775545180,1797072648,1818931519,1840534093
Saudi Arabia,SAU,"Population, total",SP.POP.TOTL,4165563,4306048,4458516,4621655,4795130,4978922,5173237,5381026,5604582,5844843,6106191,6396658,6724260,7088758,9210564,9682002,10171710,10678211,11201154,14089798,14713715,15353227,16004763,16654276,19410280,19938377,20472580,21009660,21547390,24397644,25382870,26400068,27437353,28483797,32125564,32749848,33416270,34193122,35018133
Sudan,SDN,"Population, total",SP.POP.TOTL,8326462,8577490,8841338,9115091,9406702,9712785,10014505,10320500,10638899,10966145,11305206,11668921,12057260,12469591,15305806,15973034,16673586,17404336,18128631,20230532,20453819,20718709,21090886,21453711,23862258,24454372,25029144,25634162,26298773,29540577,30332968,31191163,32065241,32948155,37003245,38171178,39377169,40679828,41999059
Senegal,SEN,"Population, total",SP.POP.TOTL,3273177,3367082,3463524,3562469,3664599,3770874,3881994,3997869,4117659,4240859,4367744,4498616,4633452,4772039,5433225,5564474,5703869,5852029,6008392,6909837,7113636,7321832,7536001,7754289,8843423,9051539,9261526,9478564,9704287,10974057,11263387,11563869,11872929,12195029,13970308,14356181,14751356,15157793,15574909
Singapore,SGP,"Population, total",SP.POP.TOTL,1646400,1702400,1750200,1795000,1841600,1886900,1934400,1977600,2012000,2042500,2074507,2112900,2152400,2193000,2353600,2383500,2413945,2532835,2646466,2774789,2846108,2930901,3047132,3135083,3670704,3796038,3927213,3958723,4027887,4265762,4401365,4588599,4839396,4987573,5469724,5535002,5607283,5612253,5638676
Solomon Islands,SLB,"Population, total",SP.POP.TOTL,133440,136780,140254,143863,147609,151495,155514,159667,163973,168399,172833,177264,181876,186816,218193,225786,233668,241827,250250,295836,305132,314560,324171,333952,386069,397050,408145,419229,429978,482486,493430,504619,516001,527833,597375,612660,628102,643634,659249
Sierra Leone,SLE,"Population, total",SP.POP.TOTL,2301310,2341065,2382914,2426750,2472686,2520576,2569736,2620396,2672370,2724901,2778557,2832392,2886642,2942333,3235170,3300032,3367477,3437108,3509197,3947865,4056215,4159163,4325388,4378169,4347370,4405028,4449975,4475145,4584067,5683334,5809774,5939163,6090860,6259842,7140688,7314773,7493913,7677565,7861281
El Salvador,SLV,"Population, total",SP.POP.TOTL,2779327,2858896,2937821,3014885,3095170,3179506,3266436,3354611,3443251,3530958,3619090,3708010,3798109,3890639,4346522,4433041,4508992,4549173,4599904,5067200,5170440,5270825,5367179,5461070,5797140,5842638,5885083,5923852,5958482,6037817,6034436,6044131,6068099,6091188,6209526,6231066,6250510,6266654,6276342
San Marino,SMR,"Population, total",SP.POP.TOTL,15556,15895,16242,16583,16926,17273,17588,17907,18291,18403,18169,18212,18575,19010,20795,21087,21346,21596,21804,22437,22542,22803,23132,23459,25235,25596,25997,26404,26823,29508,29959,30372,30700,31059,33389,33570,33834,34056,34156
Somalia,SOM,"Population, total",SP.POP.TOTL,2870732,2945662,3022827,3102170,3183590,3267593,3353665,3441799,3532420,3625274,3720977,3818389,3918220,4022336,4777703,5408813,5892224,5934938,5951805,7158004,7160461,7035378,6999096,6732702,7472450,7734313,8056862,8384479,8721465,10467292,10784973,11118092,11444870,11730037,13309235,13763906,14292847,14864221,15411094
Serbia,SRB,"Population, total",SP.POP.TOTL,6608000,6655000,6696000,6732000,6765000,6794000,6841000,6880000,6915000,6945000,6972000,7013000,7053000,7091000,7297000,7332000,7362000,7405000,7440000,7558000,7572000,7581000,7586000,7595636,7617794,7596501,7567745,7540401,7516346,7440769,7411569,7381579,7350222,7320807,7130576,7095383,7058322,7020858,6982604
Sub-Saharan Africa (excluding high income),SSA,"Population, total",SP.POP.TOTL,227907169,233440376,239236580,245252887,251519652,258031054,264705303,271583274,278745760,286159536,293846963,301784530,309907107,318407872,366625933,377712957,388730206,400196739,412345689,475181847,488696153,502447913,516560181,530646532,605109645,620988006,637119672,653802851,671131355,766895808,788025400,809934231,832555779,855798400,981415249,1008605380,1036061312,1063789431,1092307211
South Sudan,SSD,"Population, total",SP.POP.TOTL,2907724,2948953,2992270,3036238,3088701,3143622,3185305,3221957,3261725,3301892,3342410,3396808,3464715,3542465,3995911,4092792,4192012,4293866,4398297,4893809,4814879,4706626,4750817,4867185,5434894,5589410,5699436,5850145,6114440,7662654,8029517,8417823,8823888,9229227,11213284,11194299,11066105,10658226,10395329
Sub-Saharan Africa,SSF,"Population, total",SP.POP.TOTL,227948869,233483265,239280622,245298063,251565974,258078554,264754002,271633185,278796894,286211901,293900563,301839225,309963136,318464764,366688083,377775643,388793467,400260774,412410102,475250346,488764908,502517080,516629688,530716971,605186062,621065325,637198518,653883261,671212486,766978666,788110000,810019264,832642735,855885698,981506608,1008698799,1036155989,1063885274,1092403973
Small states,SST,"Population, total",SP.POP.TOTL,14195394,14466792,14762850,15063701,15357679,15638952,15916917,16202562,16499992,16797144,17101673,17422937,17755900,18101072,20106738,20524352,20943051,21364236,21796965,24116273,24594588,25113605,25640496,26140490,28194606,28645950,29106853,29583318,30055791,32425757,33079043,33808469,34550707,35254103,38493904,39277070,40033083,40728210,41379367
Sao Tome and Principe,STP,"Population, total",SP.POP.TOTL,68038,68705,69520,70272,70992,71730,72567,73564,74739,76059,77583,79226,80835,82472,92659,95017,97210,99170,100931,111610,114513,117445,120343,123084,135412,137656,139790,141808,143714,161680,165725,169845,174004,178128,197497,201124,204632,208036,211344
Suriname,SUR,"Population, total",SP.POP.TOTL,268396,277969,288291,299332,310288,321069,332142,343620,355468,367618,379918,392026,397529,396331,381885,377362,375112,375859,377288,396867,402139,408360,412756,415981,443834,452887,461749,470458,478998,516220,522023,527946,533938,539987,569682,575475,581453,587559,593715
Slovak Republic,SVK,"Population, total",SP.POP.TOTL,4068095,4191667,4238188,4282017,4327341,4370983,4411666,4449367,4483915,4518607,4538223,4557449,4596622,4641445,4890125,4938973,4979815,5016105,5055099,5222840,5250596,5275942,5299187,5303294,5373361,5383291,5390516,5396020,5388720,5372807,5373054,5374622,5379233,5386406,5418649,5423801,5430798,5439232,5446771
Slovenia,SVN,"Population, total",SP.POP.TOTL,1584720,1594131,1603649,1616971,1632114,1649160,1669905,1689528,1704546,1713874,1724891,1738335,1752233,1766697,1862548,1882599,1901315,1906531,1910334,1989776,1995196,1996351,1998161,1999429,1988628,1985956,1981629,1983045,1988925,2000474,2006868,2018122,2021316,2039669,2061980,2063531,2065042,2066388,2073894
Sweden,SWE,"Population, total",SP.POP.TOTL,7484656,7519998,7561588,7604328,7661354,7733853,7807797,7867931,7912273,7968072,8042801,8098334,8122300,8136312,8275599,8293678,8310531,8320503,8325263,8397804,8436489,8492964,8558835,8617375,8840998,8846062,8850974,8857874,8872109,9029572,9080505,9148092,9219637,9298515,9696110,9799186,9923085,10057698,10175214
Eswatini,SWZ,"Population, total",SP.POP.TOTL,345065,352971,361070,369527,378531,388317,398861,409638,420373,431366,442865,454913,467512,480668,560236,579091,598564,616210,634439,758669,794434,825952,854011,889712,973587,990734,1005158,1018370,1030496,1071886,1077735,1084008,1089870,1094886,1125865,1133936,1142524,1151390,1160428
Sint Maarten (Dutch part),SXM,"Population, total",SP.POP.TOTL,2646,2888,3171,3481,3811,4161,4531,4930,5354,5795,6260,6736,7226,7750,10850,11542,12243,13134,14418,22395,24139,25952,27845,29820,31410,31195,31240,31084,30519,33011,33441,33811,33964,34238,37685,38825,39969,40574,40895
Seychelles,SYC,"Population, total",SP.POP.TOTL,41700,42889,44042,45176,46322,47500,48699,49911,51134,52365,53600,54695,56029,56892,62150,62686,63261,64035,64413,68499,68755,69167,69507,70439,76417,77319,78846,80410,81131,82858,84600,85033,86956,87298,91359,93419,94677,95843,96762
Syrian Arab Republic,SYR,"Population, total",SP.POP.TOTL,4610712,4751534,4894995,5045245,5202846,5368451,5542003,5723306,5912715,6111364,6319199,6538526,6768544,7003114,8310217,8600747,8898954,9203635,9510754,11281107,11657772,12034097,12408996,12782281,14708879,15103996,15500542,15901201,16307654,18583557,19432009,20703005,21474059,21827220,20072232,19205178,18964252,18983373,19333463
Turks and Caicos Islands,TCA,"Population, total",SP.POP.TOTL,5604,5625,5633,5634,5642,5650,5652,5662,5668,5663,5665,5742,5896,6068,7110,7332,7598,7957,8355,10400,10816,11227,11709,12329,15806,16515,17239,17984,18744,23995,25128,26268,27422,28581,34985,36538,38246,39844,41487
Chad,TCD,"Population, total",SP.POP.TOTL,3028688,3087657,3148242,3210296,3273419,3336338,3398664,3461664,3526770,3595152,3667394,3742534,3824399,3912905,4313479,4402942,4408230,4409225,4622828,5300852,5483038,5670619,5827069,6042428,7200291,7450874,7709115,7981889,8259137,10005012,10365614,10722731,11098664,11496128,13697126,14140274,14592585,15085884,15604210
East Asia & Pacific (IDA & IBRD countries),TEA,"Population, total",SP.POP.TOTL,884811163,884080493,895683380,918644019,941205716,964393486,990895866,1016638561,1043384828,1071859681,1101191924,1131150405,1159394712,1186691481,1298297421,1319182209,1339615160,1360714010,1384060325,1503204089,1529464061,1555164786,1580447407,1604798136,1715256519,1736404220,1756774303,1775819557,1793649873,1872697597,1887496209,1901960228,1916309337,1930470829,2009149689,2024511016,2039794828,2055414680,2068898629
Europe & Central Asia (IDA & IBRD countries),TEC,"Population, total",SP.POP.TOTL,307910628,312638061,317365322,322144898,326946310,331523017,335436332,339584994,343653318,347522680,351105688,354649640,358396487,362136260,381611709,385436316,389318684,393224644,397098723,417903040,421958403,425325513,427949024,430328718,435461598,436014905,436294062,436191659,435816101,435872410,436426410,436798968,437985547,439691944,450071285,452273365,454426367,456393433,458211234
Togo,TGO,"Population, total",SP.POP.TOTL,1651367,1678788,1706841,1736697,1772652,1820396,1882458,1957164,2038765,2120486,2197383,2267211,2330704,2390909,2693400,2761240,2838110,2925865,3023343,3544927,3653420,3763657,3875947,3990215,4445883,4592550,4728297,4867941,5008035,5711597,5874240,6047537,6222482,6398624,7288383,7473229,7661354,7852795,8046679
Thailand,THA,"Population, total",SP.POP.TOTL,26596584,27399963,28242174,29114124,30013573,30940270,31883754,32839341,33807357,34787583,35791728,36807997,37834384,38873060,43806715,44760091,45737753,46727292,47700340,52479181,53410965,54324004,55228410,56099865,60211096,60989108,61745217,62442651,63066603,65821360,66319525,66826754,67328239,67813654,69960943,70294397,70607037,70898202,71127802
Tajikistan,TJK,"Population, total",SP.POP.TOTL,2131992,2208026,2287181,2368868,2452671,2538295,2625653,2714959,2806566,2899854,2993019,3085961,3180461,3277487,3818114,3932682,4045965,4160745,4278908,4946293,5100020,5264332,5417860,5556306,6035600,6117069,6156805,6189565,6272998,6929145,7057417,7188391,7324627,7468596,8326348,8524063,8725318,8925525,9128132
Turkmenistan,TKM,"Population, total",SP.POP.TOTL,1602052,1658569,1716868,1776387,1836621,1897095,1957557,2018024,2078581,2139557,2201432,2264434,2328374,2393323,2726327,2794392,2862903,2932934,3005972,3430501,3525110,3621303,3720278,3821782,4301093,4363672,4431517,4501079,4569132,4885775,4954029,5024894,5100083,5180957,5663152,5766431,5868561,5968383,6065066
Latin America & the Caribbean (IDA & IBRD countries),TLA,"Population, total",SP.POP.TOTL,208929539,214886940,221002830,227259853,233646719,240144416,246704898,253315340,259977374,266691786,273465688,280321723,287293125,294397324,331767538,339677910,347592976,355378011,363140093,402575619,410490303,418420570,426479901,434604864,474585894,482400078,490145696,497788851,505304844,540553499,547224720,553771247,560186837,566539590,598949385,605335594,611668087,617875842,623841282
Timor-Leste,TLS,"Population, total",SP.POP.TOTL,468573,475796,483324,491117,499136,507477,516197,525274,534649,544242,554021,563953,574014,584035,627671,634549,642224,649250,655112,707762,722690,739735,758106,772655,831269,843341,855409,866649,878360,969313,994564,1019362,1043076,1065540,1184830,1205813,1224562,1243235,1261845
Middle East & North Africa (IDA & IBRD countries),TMN,"Population, total",SP.POP.TOTL,97179656,99620285,102159899,104817905,107577280,110431969,113410132,116518346,119706733,122973346,126316235,129707914,133164152,136734072,158089953,162482818,167489905,173266699,179198278,208687611,214593293,220541237,226868111,233174871,259648021,264860153,270162305,275508430,280976957,308628177,314576732,320585896,326701327,332985938,366582958,373867247,380687450,387152617,393806257
Tonga,TON,"Population, total",SP.POP.TOTL,67428,69391,71388,73441,75544,77686,79794,81725,83430,84997,86484,87904,89275,90611,96227,96506,96708,96846,96931,97392,97939,98379,98727,99010,100195,100658,101343,101982,102603,105633,106190,106638,106932,107144,106626,106122,105707,105415,105150
South Asia (IDA & IBRD),TSA,"Population, total",SP.POP.TOTL,571192428,584794755,598784274,613149540,627867470,642649029,657382046,672401853,688013461,704112818,720399195,736135444,752397791,770083670,863852185,884031584,904993069,926216545,948043890,1066371857,1091004504,1116147699,1141312704,1166480561,1299407301,1326007987,1352849350,1379874856,1406945493,1541263909,1565892885,1589454615,1612709085,1636411632,1754030304,1775545180,1797072648,1818931519,1840534093
Sub-Saharan Africa (IDA & IBRD countries),TSS,"Population, total",SP.POP.TOTL,227948869,233483265,239280622,245298063,251565974,258078554,264754002,271633185,278796894,286211901,293900563,301839225,309963136,318464764,366688083,377775643,388793467,400260774,412410102,475250346,488764908,502517080,516629688,530716971,605186062,621065325,637198518,653883261,671212486,766978666,788110000,810019264,832642735,855885698,981506608,1008698799,1036155989,1063885274,1092403973
Trinidad and Tobago,TTO,"Population, total",SP.POP.TOTL,847063,865028,881519,897658,913399,928462,942599,955681,967699,978642,988890,1000130,1013031,1026563,1096569,1112310,1127852,1142695,1157140,1231442,1244633,1256210,1266518,1276224,1313434,1318171,1322572,1327063,1332203,1369075,1376919,1384861,1392803,1401191,1450661,1460177,1469330,1478607,1504709
Tunisia,TUN,"Population, total",SP.POP.TOTL,4195467,4236386,4281744,4332926,4389417,4457282,4548972,4661271,4785003,4915162,5047404,5182040,5320148,5463650,6254876,6416191,6578156,6744050,6914963,7874302,8068788,8256396,8440023,8622853,9430550,9557948,9677148,9788067,9893316,10388344,10483558,10580395,10680380,10784504,11428948,11557779,11685667,11811443,11933041
Turkiye,TUR,"Population, total",SP.POP.TOTL,27510980,28255002,29033647,29827877,30612821,31374536,32172785,33026490,33884075,34721990,35540990,36359957,37188035,38028236,42292206,43187476,44089069,44981877,45949991,51250152,52275890,53305234,54324142,55321172,60293786,61277426,62242204,63185615,64113547,68704715,69601333,70158112,71051678,72039206,77181884,78218479,79277962,80312698,81407204
Tuvalu,TUV,"Population, total",SP.POP.TOTL,5404,5436,5471,5503,5525,5548,5591,5657,5729,5779,5814,5854,5891,5934,7297,7552,7731,7874,7993,8665,8844,9017,9182,9354,9611,9630,9634,9640,9638,9912,10030,10149,10272,10408,10899,10877,10852,10828,10865
Tanzania,TZA,"Population, total",SP.POP.TOTL,10042458,10337891,10644622,10960161,11289556,11630603,11981932,12346286,12739965,13167782,13618192,14092218,14595699,15123504,18080005,18698636,19297659,19890930,20499922,24099415,24844147,25522898,26206012,26890906,31140733,31785846,32626498,33499772,34463704,39439505,40562052,41716497,42870884,43957933,50814552,52542823,54401802,56267032,58090443
Uganda,UGA,"Population, total",SP.POP.TOTL,7617746,7838440,8068828,8311013,8564755,8829056,9104743,9393432,9696370,10006526,10317212,10616338,10885563,11146099,12701999,13011511,13284026,13563558,13880052,15974216,16489323,17028543,17586630,18171935,21249572,21876935,22537658,23279247,24020697,27946588,28773227,29629804,30509862,31412520,36336539,37477356,38748299,40127085,41515395
Ukraine,UKR,"Population, total",SP.POP.TOTL,42767251,43365219,43924755,44445903,44941406,45387091,45809120,46235370,46635196,46990889,47279086,47597756,47974187,48301548,49536615,49739734,49973920,50221000,50384000,51293000,51521000,51773000,51891400,52000500,51057800,50594600,50144500,49674000,49176500,47105171,46787786,46509355,46258189,46053331,45272155,45154036,45004673,44831135,44622518
Upper middle income,UMC,"Population, total",SP.POP.TOTL,1201583310,1207494445,1226014408,1256004770,1285740777,1316148944,1349291381,1381762369,1415295972,1450561119,1486686454,1523413550,1558444273,1592704902,1741573594,1770031435,1798001594,1826264797,1856685341,2013192877,2046961908,2079533345,2112908549,2143327776,2279220415,2305065239,2329845650,2353107993,2375280814,2475204158,2493607365,2511010944,2529819216,2549122048,2654785044,2675824754,2695996374,2716214857,2735017750
Uruguay,URY,"Population, total",SP.POP.TOTL,2529021,2561153,2592441,2622936,2652376,2680427,2707030,2731847,2754417,2773957,2790265,2805492,2821086,2836825,2925840,2940729,2953750,2966076,2979182,3058787,3077760,3097889,3117012,3135374,3226633,3245069,3262683,3278963,3292224,3317665,3322282,3328651,3336126,3344156,3391662,3402818,3413766,3422200,3427042
United States,USA,"Population, total",SP.POP.TOTL,180671000,183691000,186538000,189242000,191889000,194303000,196560000,198712000,200706000,202677000,205052000,207661000,209896000,211909000,222585000,225055000,227225000,229466000,231664000,242289000,244499000,246819000,249623000,252981000,269394000,272657000,275854000,279040000,282162411,295516599,298379912,301231207,304093966,306771529,318386329,320738994,323071755,325122128,326838199
Uzbekistan,UZB,"Population, total",SP.POP.TOTL,8372311,8692048,9038222,9394588,9758147,10130096,10504969,10881533,11261600,11641640,12011361,12370120,12733242,13107928,15154314,15558907,15947129,16335642,16735643,19077170,19600028,20102902,20510000,20952000,23225000,23667000,24051000,24311650,24650400,26167000,26488250,26868000,27302800,27767400,30757700,31298900,31847900,32388600,32956100
St. Vincent and the Grenadines,VCT,"Population, total",SP.POP.TOTL,84141,85666,87183,88638,90053,91495,92957,94382,95758,97126,98459,99699,100843,101924,106236,106882,107480,108191,108974,111770,112076,112320,112487,112780,114290,114276,114165,113995,113813,112043,111427,110824,110316,109840,106912,106482,105963,105549,105281
"Venezuela, RB",VEN,"Population, total",SP.POP.TOTL,8156937,8453106,8754082,9059953,9371333,9688138,10010685,10338848,10672654,11011335,11355475,11705674,12061621,12424804,14372959,14788523,15210443,15638426,16071654,18328655,18800770,19275292,19750579,20226214,22572110,23037561,23503819,23966960,24427729,26668785,27102081,27525097,27933833,28327892,30193258,30529716,30741464,30563433,29825653
British Virgin Islands,VGB,"Population, total",SP.POP.TOTL,7850,7885,7902,7919,7949,8018,8139,8337,8649,9117,9581,9813,9907,10018,10727,10876,11109,11472,11889,14117,14593,15091,15617,16090,18120,18591,19079,19586,20104,23497,24323,25191,26115,27044,28971,29366,29739,30060,30335
Virgin Islands (U.S.),VIR,"Population, total",SP.POP.TOTL,32500,34300,35000,39800,40800,43500,46200,49100,55700,60300,63476,70937,76319,84121,95929,96183,99636,99853,100068,100901,100952,101041,103963,104807,108095,108357,108537,108599,108642,108453,108369,108337,108397,108404,107882,107712,107516,107281,107001
Viet Nam,VNM,"Population, total",SP.POP.TOTL,32718461,33621982,34533889,35526727,36509166,37466077,38388210,39282564,40145287,41015865,41928849,42916624,43906019,44891281,50701458,51831389,52968270,54280394,55632153,62630787,64037514,65466361,66912613,68358820,74946448,76058603,77128424,78123713,79001142,83142095,83951800,84762269,85597241,86482923,91235504,92191398,93126529,94033048,94914330
Vanuatu,VUT,"Population, total",SP.POP.TOTL,64608,66462,68391,70400,72493,74677,76945,79311,81782,84350,87019,89796,92687,95687,112185,115344,118156,120887,123748,139956,143528,147181,150882,154678,174714,178871,183088,187432,192074,217632,222923,228345,233952,239689,269927,276438,283218,290239,297298
World,WLD,"Population, total",SP.POP.TOTL,3031474234,3072421801,3126849612,3193428894,3260441925,3328209022,3398480280,3468370526,3540164023,3614572835,3690209960,3767930001,3843607574,3920017410,4289795862,4365742277,4442348279,4520917350,4602701335,5024289346,5113387878,5202582534,5293395467,5382536929,5811580202,5896055962,5979726559,6062288850,6144321462,6552700448,6635110367,6717567584,6801440971,6885663352,7317040295,7403850164,7490415449,7576441961,7660371127
Samoa,WSM,"Population, total",SP.POP.TOTL,113335,116820,120163,123416,126582,129789,132976,135752,138154,140457,142771,145064,147332,149587,161988,163489,164905,166190,166885,166773,167452,167886,168186,168701,176713,178543,180385,182211,184008,188626,189379,190478,191787,193176,201757,203571,205544,207630,209701
Kosovo,XKX,"Population, total",SP.POP.TOTL,947000,966000,994000,1022000,1050000,1078000,1106000,1135000,1163000,1191000,1219000,1247000,1278000,1308000,1460000,1491000,1521000,1552000,1582000,1753000,1791000,1827000,1862000,1898000,2059000,2086000,1966000,1762000,1700000,1705780,1719536,1733404,1747383,1761474,1812771,1788196,1777557,1791003,1797085
"Yemen, Rep.",YEM,"Population, total",SP.POP.TOTL,5542459,5646668,5753386,5860197,5973803,6097298,6228430,6368014,6515904,6673981,6843607,7024196,7215835,7417736,8615301,8899922,9204938,9529105,9872292,11915563,12387238,12872362,13375121,13895851,16614326,17108681,17608133,18114552,18628700,21320671,21966298,22641538,23329004,24029589,27753304,28516545,29274002,30034389,30790513
South Africa,ZAF,"Population, total",SP.POP.TOTL,16520441,16989464,17503133,18042215,18603097,19187194,19789771,20410677,21050540,21704214,22368306,23031441,23698507,24382513,27943445,28697014,29463549,30232561,31022417,36119333,37393853,38668684,39877570,40910959,44661603,45285048,45852166,46364681,46813266,49017147,49491756,49996094,50565812,51170779,54729551,55876504,56422274,56641209,57339635
Zambia,ZMB,"Population, total",SP.POP.TOTL,3119430,3219451,3323427,3431381,3542764,3658024,3777680,3901288,4029173,4159007,4281671,4399919,4523581,4653289,5391355,5553462,5720438,5897481,6090818,7095185,7294325,7491275,7686401,7880466,8902019,9133156,9372430,9621238,9891136,11564870,11971567,12402073,12852966,13318087,15737793,16248230,16767761,17298054,17835893
Zimbabwe,ZWE,"Population, total",SP.POP.TOTL,3806310,3925952,4049778,4177931,4310332,4447149,4588529,4734694,4886347,5044163,5202918,5363423,5532842,5712712,6549349,6655833,7049926,7506526,7803855,9277488,9568739,9846346,10113893,10377815,11178171,11362401,11548364,11716454,11834676,12224753,12330490,12450568,12550347,12679810,13855753,14154937,14452704,14751101,15052184
